date,mean_temparture,max_temparture,min_temparture,mean_wind_speed,max_wind_speed,max_moment_wind_speed,most_wind_direction,mean_cloud_cover,total_precipitation,mean_humidity
2020/1/1,5.5,10.2,3.2,2.6,6.1,11.8,北北西,3,0,49
2020/1/2,6.2,11.3,1.9,1.8,3.3,5.3,北,1,0,60
2020/1/3,6.1,12,1.4,1.4,3,4.6,北西,0,0,63
2020/1/4,7.2,12.2,3.6,2.3,5.2,10.8,北北西,5.5,0,53
2020/1/5,5.4,10.2,0.6,3,6.3,12.4,北西,0,1,61
2020/1/6,7.5,12.2,3.1,3,5.7,10.4,北西,5.8,0,44
2020/1/7,5.7,8.2,3.9,2,3.9,5.8,北北東,9.5,2,71
2020/1/8,5.2,7.6,3.8,2,4.9,8.7,北西,7.5,11.5,97
2020/1/9,10.6,14.9,4.6,3.6,7.4,15.6,北西,2.5,0,47
2020/1/10,8.4,12.6,5.5,2.4,4.3,8.5,北北西,4.3,0,59
2020/1/11,7,10.5,5.2,1.8,3.1,5.2,北北西,5.3,0,68
2020/1/12,6.7,10.2,2.5,1.6,2.8,4.9,北北西,7.8,0,72
2020/1/13,8.5,13.7,4.6,1.8,4.4,7.4,北北西,2.5,0,68
2020/1/14,8.4,13.5,4.7,1.8,4.2,6.2,北北西,6.8,0,71
2020/1/15,6.8,9.4,4.9,2.5,5.5,11.4,北西,6.5,15,87
2020/1/16,6.7,10.9,3.9,2.2,4.9,9.2,北北西,6.8,0,49
2020/1/17,7.3,11.1,3.9,2.5,4.3,7.8,北西,10,0,59
2020/1/18,3.8,7.2,1.5,3.1,5.7,10.4,北,10,8.5,84
2020/1/19,6.5,11.1,1.9,2.4,4.8,8.1,北北東,5.3,0,64
2020/1/20,7.5,14.1,2,2,4,5.9,北西,2.3,0,62
2020/1/21,7.4,11.8,3.9,3.8,8.1,12.6,北北西,0,0,46
2020/1/22,4.9,7.3,2,1.9,3.4,6.4,北西,7.5,0,55
2020/1/23,6.1,8.7,4.1,1.8,3.2,6,北西,9.8,2.5,84
2020/1/24,9.9,13.4,7.4,1.8,5.5,10.2,北西,8.8,0,73
2020/1/25,7.8,10.2,5.9,2.6,6.4,13.2,北北西,9.8,0,47
2020/1/26,5,7.6,2.7,1.3,2.8,4.7,北西,10,6,78
2020/1/27,5.1,6.5,2.9,2,4.5,9.7,北,10,5,72
2020/1/28,4.4,7,0.6,3.6,5.8,10.6,北北西,10,55.5,98
2020/1/29,11.8,18.6,6.9,2.5,6.2,13.5,北北西,7.8,28,83
2020/1/30,11.7,17.5,6.8,2.1,7,12.2,北西,1.8,0,61
2020/1/31,8.1,12.1,3.5,4.8,8.8,17.6,北西,3,0,44
2020/2/1,7.9,13.4,3,3.6,5.7,11.5,北西,0,0,40
2020/2/2,8.7,13.8,5,2.9,6.4,11.4,北西,5,0,40
2020/2/3,9.3,15.2,5.3,2.4,6.3,10.8,北西,9.5,0,52
2020/2/4,7.9,11.4,4.8,2.4,4.4,8.3,南東,6.3,0,54
2020/2/5,7.6,15.2,2.4,3,7.6,15.2,北北西,2.3,0,49
2020/2/6,2.9,6.9,-0.4,4.9,8.5,17.5,北北西,2.5,0,34
2020/2/7,2.4,6.9,-2.1,2,4.3,7,北北西,7.3,0,48
2020/2/8,6.2,12.7,0.7,2.4,6.2,10.6,北,5,0,45
2020/2/9,3.9,8.3,1.2,4,7.1,14.4,北北西,0,0,37
2020/2/10,4.6,10.1,-0.2,2.2,6,11,北北西,2.8,0,46
2020/2/11,6.3,11.7,1.1,2.6,6.5,11,北西,0.3,0,46
2020/2/12,8.7,16,1.9,2,4.4,10.3,北西,7.5,0,51
2020/2/13,11.7,18.2,7.8,1.7,4.4,7.4,北北東,5,0,61
2020/2/14,12,16,8.5,1.7,4.5,7,南南東,7.5,0,75
2020/2/15,12.4,16.2,7.6,1.7,4.3,6.9,北北東,7.3,0,66
2020/2/16,9.3,11.8,7.8,1.8,3.5,6.4,北西,10,8.5,91
2020/2/17,10.3,16.8,5.8,2.3,5.4,8.2,北北東,7.3,0,86
2020/2/18,7.6,12.5,2.8,2.7,6,11.2,北西,2.8,0,44
2020/2/19,8.1,13.3,3.6,2.7,5.6,10.3,北西,4,0,44
2020/2/20,9,13.1,4.7,2.2,4.8,9.2,北北西,7.8,0,58
2020/2/21,10,14.2,5.4,2.8,5.7,9.3,南南東,2.8,0,64
2020/2/22,12.5,18.2,6.4,4.1,10.8,17.9,南南西,6.8,2.5,77
2020/2/23,10.4,16,5.4,3.3,6.9,13.1,北北西,1.8,0,35
2020/2/24,9.8,15.4,4.6,2.5,4.7,10.4,北西,3.3,0,50
2020/2/25,10.5,14.4,6.2,2.1,3.8,6.7,北西,10,0,60
2020/2/26,8.1,9.4,7,2.2,3.7,6.8,北,10,3,88
2020/2/27,7,11.9,3.6,4.2,9.7,17,北北西,0.8,0,49
2020/2/28,7,12.4,1.9,2.7,5.7,8.4,南,6,0,48
2020/2/29,9.4,14.4,5.4,2.2,4.5,6.9,東北東,8,1,64
2020/3/1,12,17.9,6.6,2.4,5.1,10.3,北北西,7.3,0.5,65
2020/3/2,7.3,11.2,5.8,2.5,4.6,9.8,北北西,10,10,94
2020/3/3,11.3,17.8,5.3,3.2,6.7,11.8,北西,6.5,0,59
2020/3/4,8.9,10.9,7.9,2.1,3.9,7.8,北北西,10,1.5,85
2020/3/5,9.2,13.7,6.1,5.1,11.3,21.5,西北西,4.8,1,53
2020/3/6,9.4,15.1,5.4,4,9.1,15.9,北西,0.3,0,33
2020/3/7,7.3,10.4,5.2,2.4,4.4,7.5,北東,10,1.5,68
2020/3/8,7.2,8.9,5.6,2.5,4.1,8.1,北北西,10,6,94
2020/3/9,13.1,19.6,7.6,2.7,4.5,8.3,北北西,7.5,0,79
2020/3/10,14.7,18.2,12.6,2.5,6.8,13.6,南,7.5,24.5,97
2020/3/11,15.3,21.4,9.8,3.3,6.9,12.3,北西,6.3,0,58
2020/3/12,11.4,16.7,7,4.1,7.7,13.3,南東,1,0,48
2020/3/13,12.5,18.7,6.8,2.4,5.5,8.9,西北西,7.5,0,62
2020/3/14,5.5,12.3,1.3,3.2,5.6,11.6,北東,9.3,25,88
2020/3/15,7.1,12,1.8,2.6,5.6,10,西北西,4,0,67
2020/3/16,7.1,14.4,3.6,4.7,13.1,24.3,北西,2,0,55
2020/3/17,7.7,12.7,2.3,3.3,6.3,10.5,南南東,2.5,0,47
2020/3/18,11.9,18.4,4.8,2.7,6.1,9.6,西北西,0.3,0,52
2020/3/19,14.6,22,6.5,3.7,9.4,15.1,南,2.5,1,65
2020/3/20,14.5,19.4,9.5,3.5,8.2,16.9,北北西,3,0,48
2020/3/21,13.8,21,7.6,2.9,6.8,12,南南東,0.5,0,44
2020/3/22,16.8,23.7,10.5,3.5,10.1,17.9,南,6.8,0,49
2020/3/23,10.3,14,7.7,2.7,6,8.7,南東,8.5,0,59
2020/3/24,8.2,12.6,4.7,4.7,9.8,17.8,北西,2.5,0,44
2020/3/25,10,16,3.4,3,5.6,9.8,北西,0.5,0,45
2020/3/26,13,20,7.5,2.2,4.7,7.2,西北西,3.5,0,50
2020/3/27,16.2,22.8,9.1,4.7,10.6,19.6,南,8,0,69
2020/3/28,15.5,24.6,7.4,4.4,8.6,16.1,南,10,8.5,83
2020/3/29,3.6,7.7,0.7,2.8,5.3,11.2,北北西,10,51.5,96
2020/3/30,7.6,10.3,3.5,1.9,3.5,6.4,北北西,10,0,72
2020/3/31,9.8,12.5,8.2,1.9,4.1,5.5,北北西,10,0,79
2020/4/1,11.4,12.9,9.3,2.7,5.1,9.8,北北西,10,31,97
2020/4/2,13.9,19.4,9,6.2,11,20.6,北西,3.8,0,45
2020/4/3,12.8,18.2,6.4,3.3,7.4,12.5,南南東,4.8,0,50
2020/4/4,15.7,22.3,8.6,3.9,9.5,15.6,南南西,0.5,0,62
2020/4/5,10.2,15.9,5.6,2.6,5.6,9,北東,6.3,0,73
2020/4/6,12.1,18.4,6.3,3,5.3,9.8,北西,4.5,0,43
2020/4/7,12.4,18,7.9,2.7,5.1,8.2,南東,6.5,0,50
2020/4/8,14.3,20.2,7.9,2.6,6.2,9.3,南南東,2,0,60
2020/4/9,13.3,20.2,8,3.3,8.7,14.7,北,5,0.5,62
2020/4/10,11.2,17.2,7.4,3.8,7,14.7,北西,6.8,0,49
2020/4/11,11.4,17,6.8,3.2,6.3,11.1,南東,6.5,0.5,48
2020/4/12,10.3,14.6,7.4,2.5,4.4,7.1,北北西,10,6.5,84
2020/4/13,8,10.1,5.4,3.9,7.1,14.3,北北西,10,132,97
2020/4/14,10.9,17.2,5.5,4.7,10.8,19.3,北西,2.5,1.5,54
2020/4/15,13.8,20.8,5.5,3.1,7.5,12.8,南,7.3,0,48
2020/4/16,11.7,16.3,8.6,3.7,6.3,11,北東,10,0.5,66
2020/4/17,12.4,17.8,8.3,3,5.4,8.5,北東,9.5,0.5,62
2020/4/18,12.9,16.2,9.8,3.1,10.1,16.1,南東,8,89.5,96
2020/4/19,14.7,22.5,9,3.5,6.5,12.8,東北東,4.3,0,64
2020/4/20,9.7,10.7,8.3,2.5,4.4,8.1,北北西,9.8,15,94
2020/4/21,14.2,18.9,9,1.7,4.9,7.5,南南東,7,0,82
2020/4/22,13.5,19.2,8.8,2.3,6,12.5,北東,10,0,65
2020/4/23,11.9,17,6.6,3.1,7.1,11.2,西北西,6.5,1,56
2020/4/24,12.2,18.4,6.9,3.3,6.7,14.3,北北西,7,0.5,55
2020/4/25,12.7,18.8,5.3,3.7,8.5,15.3,南南東,0,0,61
2020/4/26,18.3,24.2,11.5,5,9.2,18,南,7.5,0,52
2020/4/27,12.8,17.8,8.5,2.4,5.6,8.9,北東,10,12.5,78
2020/4/28,12.3,19.1,8,2.1,7.4,10.4,南南東,9.5,5,85
2020/4/29,15.1,21.7,8.9,2.7,6.4,9.9,南南東,1.8,0,69
2020/4/30,18,23.9,11.7,3,6.6,11,南,0,0,66
2020/5/1,19.9,25.5,16.2,4.1,7.2,11.2,南,4,0,67
2020/5/2,20.6,26.9,15.3,2.8,6.6,10.1,南南東,0.8,0,73
2020/5/3,20.7,25.8,16.5,4.7,9.2,16.5,南,9.8,0,70
2020/5/4,19.3,22.2,17.3,3.1,7.4,13,南,10,2,87
2020/5/5,21.3,28.4,16.4,3.2,8.6,13.7,北東,6.5,0,73
2020/5/6,15.8,17.3,14.6,2.1,5.1,8.3,北,10,19,90
2020/5/7,16.5,22.5,11,3.3,7.7,13.9,北北西,4.3,0.5,61
2020/5/8,16.7,22.1,11.1,3.5,6.7,12.4,南,3.8,0,48
2020/5/9,18.3,23,13.9,4.3,7.1,12.5,南,10,0,64
2020/5/10,21.5,25.7,17.7,5.3,9.8,18.6,南,10,1,82
2020/5/11,22.9,28.1,20.2,3,7.9,12.2,南東,5.5,0.5,80
2020/5/12,21.7,26.5,19.1,2.8,6.6,10.8,北,10,0,75
2020/5/13,22.3,28.7,16.8,2.7,6,11.9,南南西,4.5,0,55
2020/5/14,20.8,26.2,13.8,3.4,7.7,12.3,南,4,0,40
2020/5/15,21.5,26.5,15.2,3.9,7.7,12.9,南,7.5,0,52
2020/5/16,18.5,21.7,16.4,4.1,6.6,13.1,南,10,24,89
2020/5/17,21.6,28.2,15.8,2.7,6,8.1,南南東,5.8,0,74
2020/5/18,19.2,20.1,18.7,2,4.7,7.4,北東,10,2,91
2020/5/19,17.7,19.2,13.4,3,6.3,12.3,北西,10,54.5,97
2020/5/20,12.7,15.4,10.9,2.5,4.6,8.5,北北東,10,3,90
2020/5/21,12.7,14.8,10.7,2,4,6,北北西,10,0.5,89
2020/5/22,15.3,18.1,12.8,2.4,4.9,9,北北西,10,1,89
2020/5/23,18.4,23.7,15.3,2.4,4.6,7.5,南南東,8.5,0,86
2020/5/24,20.8,26.5,15.8,3.2,6.6,11,南南東,6.3,0,75
2020/5/25,21.6,26.5,18.1,3,5.5,8.3,南南東,9.3,0,72
2020/5/26,20.9,24.3,18.6,2,4.5,6.8,南南東,9.5,0.5,87
2020/5/27,21.4,26.6,18.4,2.1,5.1,7.9,北北西,9.8,0,81
2020/5/28,19.4,25.2,12.9,2.7,6.1,9.5,南南東,8.8,9.5,69
2020/5/29,20.7,27.4,14.1,2.8,5.1,8.3,南,3.5,0,65
2020/5/30,22,27.9,17.4,3.2,6.8,11.7,南,7,0,71
2020/5/31,21.3,24.5,18.8,3.4,6.3,10.1,南,8,0,73
2020/6/1,19.6,21.2,18.5,1.8,4.4,9,南東,10,4,93
2020/6/2,22.3,26.6,18.9,2.3,5.6,8.5,南南東,10,0,87
2020/6/3,24,28.5,20.9,2.4,4.6,7.9,南南東,9.8,0,76
2020/6/4,23.5,27.6,20.6,2.8,5.9,9.7,南南東,10,0,79
2020/6/5,24.8,29.9,20,3.3,7,11.6,南,9.3,0,74
2020/6/6,24.2,28.4,18.8,2.6,5.3,9,東,10,6.5,77
2020/6/7,22,27.2,17.4,2.9,5.6,9.3,東,7.5,0.5,67
2020/6/8,23.2,28.3,19.7,2.9,6.2,9.5,南,5.8,0,73
2020/6/9,25.5,31,20.4,3.1,6.7,11.3,南,7.3,0,68
2020/6/10,26.2,31.4,21.8,5.4,12,22.4,南,4.8,0,65
2020/6/11,25.1,30.5,22.7,5.9,10.4,18.9,南,9.5,10,85
2020/6/12,26.2,31.6,22.9,2.5,5.5,10.8,南,9,5.5,84
2020/6/13,21.3,24.3,19.1,2.2,5,10.8,北東,10,35.5,99
2020/6/14,21.7,24,19.9,1.6,6.7,12.6,南,10,5.5,99
2020/6/15,25.9,32.6,21,2.4,5.3,8,南南東,9.5,0,81
2020/6/16,25.5,30.5,21.8,3.4,8.4,13.4,南,7.3,0,68
2020/6/17,23.6,28.8,19.3,3.5,7.8,11.9,南東,4,0,63
2020/6/18,22.1,25.5,19.6,2,3.7,5.8,南南西,10,2,82
2020/6/19,18.7,19.8,18,2.2,4.1,7.4,北北西,10,50,99
2020/6/20,22.9,28.7,17.1,2.8,5.4,8.7,南南東,6.5,0,76
2020/6/21,21.9,26.5,17.9,2.5,5.6,8.5,南東,10,2.5,83
2020/6/22,19.2,21,17.6,3.5,5.9,12.5,北北西,10,27.5,95
2020/6/23,22.3,27.2,18,2.6,5.7,10.6,南東,9.3,3,86
2020/6/24,22.5,26.8,19.3,2.6,4.5,7.8,北東,9.5,0,84
2020/6/25,20.2,23.3,17.9,1.9,3.6,7.2,南東,10,14.5,94
2020/6/26,24.7,30.9,19.7,1.7,3.5,6.5,北,9,0,85
2020/6/27,25.5,29.3,22.2,1.9,3.7,5.9,南南東,10,0,83
2020/6/28,22.2,24.9,20.5,2,4.8,9.3,南南東,10,30,96
2020/6/29,24.9,29.8,20.1,3,5.5,9,南南東,3.5,0,69
2020/6/30,24.6,27.7,22.2,4.5,8.2,16.5,南,9.8,15.5,90
2020/7/1,25.1,26.7,22.7,6.5,10.2,18.1,南,10,21,89
2020/7/2,25.9,30.8,21.7,4.9,8.3,14.6,南,5.5,0.5,72
2020/7/3,23.8,28.7,20.3,2.4,5.7,10,東,10,6,80
2020/7/4,23.8,27.7,20,4,9.2,18.6,南,10,25.5,90
2020/7/5,24.9,28.1,23.2,3.3,6.9,11.7,南,10,3.5,87
2020/7/6,24.8,26.9,22.8,5.2,8.7,18,南,10,40.5,92
2020/7/7,27.2,29.3,25.1,6.4,8.7,17.6,南,10,0.5,84
2020/7/8,26,28.5,23.6,5.8,9.8,19.7,南,10,3,83
2020/7/9,23.7,26.1,22.3,3.8,6.5,13.5,南,10,14,96
2020/7/10,25.3,28.1,22.7,3.6,6.5,11.7,南,9.8,0.5,90
2020/7/11,27.5,31.2,24.8,5.6,9,17.2,南,10,2,82
2020/7/12,26,32.5,19.9,2.9,6.9,12.9,東,10,0.5,81
2020/7/13,21,25.2,18.7,3,5.7,9.6,南南東,10,6,90
2020/7/14,22.3,23.7,20.6,2.3,5.4,10,南,10,6,97
2020/7/15,20.4,22,17.7,2.3,5.2,9,北東,10,6.5,97
2020/7/16,20.7,24.6,17.4,2.3,4.6,7.2,北東,10,0.5,86
2020/7/17,19.3,20.6,18.1,2,3.9,6.4,北東,10,34.5,98
2020/7/18,20.4,22,19.2,1.5,3,5.9,北北東,10,20,100
2020/7/19,24.3,29.3,21.4,2.2,5.8,10.1,南南東,5.8,0,90
2020/7/20,26.9,31.9,23.1,2.4,5.8,8.3,南東,8.5,0,80
2020/7/21,25.5,29,22.5,2.1,4.4,7.1,南,10,1,88
2020/7/22,26.6,29.9,24.9,2.4,4.6,7.7,南,10,0,89
2020/7/23,23.2,26,22.1,1.8,4,7.1,西北西,10,31.5,99
2020/7/24,24.5,27.2,21.6,1.2,3.4,4.8,南,9.8,0,94
2020/7/25,25.1,27.4,23.7,2.1,5.5,10,南,10,23.5,98
2020/7/26,25.6,31.2,23.5,3.1,5.4,10.9,南,10,18.5,95
2020/7/27,26.3,30.7,23.9,3.3,5.9,11.5,南南西,10,2,88
2020/7/28,26.7,31,23.9,2.5,5.7,10.4,南南西,10,2,90
2020/7/29,22.9,25.6,21.3,2.9,5.3,9.4,北東,10,0,87
2020/7/30,23.2,26.5,20.4,1.9,3.3,5.7,東北東,10,0,84
2020/7/31,24.8,29.6,22.4,1.6,3.2,4.7,南南東,10,1,90
2020/8/1,26.1,31.8,21.8,2.6,5.4,9.9,北東,7.8,0.5,77
2020/8/2,26.3,31.5,22.6,2.4,5.1,8.6,南南東,5.5,0,75
2020/8/3,27.2,32.3,22.3,2.4,5,7.7,南南東,3.8,0,74
2020/8/4,28.3,33.1,24.5,2.9,5.5,8.5,南南東,4.3,0,77
2020/8/5,29.1,34.2,25.7,2.9,5.3,8.6,南,3.3,0,76
2020/8/6,28.5,33.1,25.5,3.9,8.4,13.7,南南東,7.8,0,79
2020/8/7,29.5,35.4,26,3.4,5.8,10,南,7.5,0,71
2020/8/8,28.1,32.3,25.1,2.7,5.3,8.5,南東,8.3,0,79
2020/8/9,28.7,34.7,23.4,2.4,5.3,8.1,南南東,9.5,0,77
2020/8/10,30.5,35.2,26.9,2.4,5.4,8.4,南東,10,0,73
2020/8/11,31.7,37.3,27,4,7.4,11.7,南,2.8,0,67
2020/8/12,30,35.8,27.3,2.5,5.7,9.4,南南東,6.8,0.5,79
2020/8/13,29.4,36.1,25.4,2.2,6.5,10.6,北,5,21.5,82
2020/8/14,29.4,34.2,24.9,2.8,6.3,9.9,南東,2,0,78
2020/8/15,31,36.1,26.9,2.1,4.6,7.4,南南東,3.8,0,76
2020/8/16,31.2,35.4,28,2.7,5.5,9.3,東,7.3,0,74
2020/8/17,30.8,36.5,27.2,2.7,5.9,9.3,南南東,7.8,0,76
2020/8/18,30.3,34.3,27.8,2.8,5.8,9.4,南東,8.8,0,71
2020/8/19,29,34.2,25.6,2.7,5.2,7.8,南,5.3,0,72
2020/8/20,29.7,34.8,25.8,3.2,6.1,9.6,南,1,0,74
2020/8/21,30.1,36,26,2.8,5.2,8,南,2.3,0,72
2020/8/22,29.3,35.2,24,2.7,7.1,11.1,南東,6,0,75
2020/8/23,25.6,29.4,23.2,2,4.8,9.6,北,9.8,38,87
2020/8/24,27.2,32.3,23,2.7,4.9,8.3,北東,5,0,79
2020/8/25,27.8,32.2,24.8,2.7,5.2,8.5,南南東,6.3,0,75
2020/8/26,28.8,34,24.3,2.7,6.1,8.6,南南東,6,0,77
2020/8/27,29.3,33.6,26.3,3.1,7.1,12.8,南東,4.5,0,79
2020/8/28,30.2,34.5,27,3.3,5.5,8.7,南東,4.3,0,76
2020/8/29,30.3,35,26.9,3.3,6.3,9.5,南,3.8,0,73
2020/8/30,30,34.9,26.6,3.3,6.3,9.9,南,4.5,0,73
2020/8/31,27.5,32.6,22.7,2.9,6.2,11.9,東北東,8.3,1,80
2020/9/1,24.9,27.4,21.9,2.3,4.6,7.8,北北西,10,1,85
2020/9/2,26.8,32.1,24,2.5,5.7,11.7,北北西,10,7.5,93
2020/9/3,28.4,32.7,26.4,4.2,7.7,14.8,南,8.5,3.5,85
2020/9/4,29.3,35.1,25.1,3,6.8,12.3,南南西,7.5,0,76
2020/9/5,28.6,34.2,25.3,2.8,5.6,9.9,北東,6.5,8.5,79
2020/9/6,25.7,29.5,22.5,2.7,5.8,9.8,北東,9.8,25.5,94
2020/9/7,26.7,31.2,24.2,4.4,10.4,18.1,南南東,9.5,19,93
2020/9/8,29.5,34.2,26.9,5.1,8.1,14.5,南,4,0,73
2020/9/9,29,33.6,25.2,3.7,6.8,12,南,2.8,0.5,72
2020/9/10,27.7,31.7,25.2,3.8,6.8,12.9,南,9,0,80
2020/9/11,28.3,32.5,24.9,3.1,6.8,10.6,南南東,6.8,0,79
2020/9/12,23.7,27.7,22,2.5,4.7,8.9,北北東,10,14.5,97
2020/9/13,23.3,27.8,20,2.4,5.2,10.6,東北東,7.5,0.5,89
2020/9/14,23.4,27.2,20.9,2.3,4.7,8.2,東,10,0.5,86
2020/9/15,23.8,27.7,20.9,2,4.6,8.1,東北東,9,0.5,82
2020/9/16,24,28.1,21.2,2.1,4.2,6.3,北東,9.8,2,81
2020/9/17,24.9,28.4,22.1,2.1,4.9,8,南,9.5,0,88
2020/9/18,29,33.4,26.4,5.5,9.4,16.4,南南西,9,0,74
2020/9/19,24.7,27.1,22.6,2.9,5.3,10.1,北東,8.8,0,78
2020/9/20,22.2,23.7,20.8,2,3.9,6.3,北北西,10,0.5,80
2020/9/21,22,26.1,19.7,2.1,4.5,7.8,東北東,6,0.5,78
2020/9/22,22.5,27.7,19.1,2.5,4.6,9,北,9,3.5,76
2020/9/23,20.2,22.7,18.6,2.7,5,10.4,北,10,7.5,95
2020/9/24,19,22.2,17.9,3.2,4.7,10.8,北北西,10,10,92
2020/9/25,19.4,20.8,17.8,3.2,5.3,11.5,北西,10,5.5,95
2020/9/26,18.5,20,17.8,2.1,3.9,8.9,北北東,10,6,97
2020/9/27,19.7,23.5,17.6,1.6,3.1,5.7,北東,9.8,0.5,88
2020/9/28,21.5,27.4,16,2.5,6.7,10,北北西,3.5,0,71
2020/9/29,19.7,23.1,16.7,3,5.3,9.6,北北東,10,0,67
2020/9/30,20,25.4,14.7,2.6,5,7.5,東北東,3.8,0,66
2020/10/1,19.5,24.3,17.1,1.7,3.1,6.4,東北東,7.8,1,85
2020/10/2,21,26.7,16.2,2.5,6.1,9.7,南東,2.8,0,72
2020/10/3,21.7,26.3,18.4,1.7,4.4,6.9,南南東,8.5,0,74
2020/10/4,22,26.2,19.5,2,3.7,5.9,南,10,0,77
2020/10/5,21.7,24.8,20.1,2,4.7,8.8,北北西,10,0,81
2020/10/6,21,24.8,17.9,2.6,4.8,10.1,北北西,8.3,0,52
2020/10/7,18.3,23.9,14.6,2.7,4.9,11,北北東,8.5,6,73
2020/10/8,14.7,15.5,13.8,2.4,4.4,7.6,北北西,10,44,99
2020/10/9,14.5,15.4,13.8,2.8,4.2,8.4,北北西,10,38,99
2020/10/10,16,17.1,13.8,2.7,4.8,8.4,北北西,10,73.5,100
2020/10/11,19.8,23.3,17,2.7,4.3,9,北北西,10,0.5,91
2020/10/12,21.5,25.1,18.6,2.1,4,6.6,北北西,9.5,0,87
2020/10/13,22.1,26.7,19,2.5,4.6,9,東北東,8.5,0,79
2020/10/14,20.3,23.2,18.4,2.3,4,7.2,北北東,10,0,67
2020/10/15,16.8,19.7,14.7,2.7,5.2,9.2,北東,10,1,83
2020/10/16,16.1,19.5,13.9,2.9,5.2,9.9,北北東,9.5,0,59
2020/10/17,12.7,16,11.5,2.2,4,6.8,北北西,10,23,93
2020/10/18,14.3,19.8,11.3,2.1,3.8,6.7,北北西,7,0.5,83
2020/10/19,13.1,17.1,11.2,2.4,4.3,7.1,北西,7.5,9,89
2020/10/20,15.6,21,10.5,2.3,4.4,8.1,北北西,5.3,0,75
2020/10/21,16,21.6,11.9,2.6,4.4,8.1,北北東,4.8,0,69
2020/10/22,17.4,22.1,14.2,2.3,4.4,7.5,北北西,10,0,70
2020/10/23,16.8,17.9,14.3,2,3.9,7.3,北北西,10,8.5,93
2020/10/24,17.3,21.2,12.7,3.1,6.1,11.8,北西,5,0,56
2020/10/25,15.5,21.3,11.4,2.6,6,9.6,北西,1.5,0,55
2020/10/26,16.2,22.9,10.7,2,4.2,7.6,南東,6.3,0,65
2020/10/27,16.7,20.8,13.3,2.2,3.9,7,北北西,8.3,0,65
2020/10/28,16.6,20.2,13.1,1.7,3.6,5.1,南,8,0,73
2020/10/29,17.3,22.8,13,2.9,5.6,9.9,北北西,4.8,0,55
2020/10/30,14.9,18.5,11.1,3.2,5.8,10.4,北北西,6.3,0,47
2020/10/31,13.8,19.2,9.2,2.4,4.7,7.5,北北西,0,0,54
2020/11/1,14.3,19.9,9,2.1,4.5,6.9,北西,7.5,0,69
2020/11/2,15.6,23.6,11.6,1.8,5.2,9.7,北西,8,2.5,78
2020/11/3,14.8,17.1,12.8,1.8,4.4,9.2,北西,10,4.5,92
2020/11/4,13.7,18.6,9.8,3,8.2,15.8,北西,2,0,47
2020/11/5,13.4,19.4,9.1,2.1,3.6,6.6,北北西,0.5,0,56
2020/11/6,12.8,16.2,10.6,1.7,3.2,5.8,北北西,9.8,0,67
2020/11/7,15.5,20.6,11.5,1.6,4.3,7.1,北北西,9.5,0,77
2020/11/8,17.3,22.4,13.5,1.8,5.7,9.9,北西,10,2.5,75
2020/11/9,13.5,18.3,10.5,3.1,6.7,12.9,北北西,4.3,0,44
2020/11/10,11.9,16.9,8.6,2.4,4.7,9.6,北北西,2.8,0,50
2020/11/11,11.9,16.9,8.3,3.1,6.9,12.5,北北西,1.5,0,48
2020/11/12,10.2,13.1,6.2,2.2,3.9,6.5,北,7.3,0,63
2020/11/13,13.7,19,9.7,1.7,3.3,6.3,北北西,3.8,0,67
2020/11/14,14.7,20.3,10.4,2.4,5.4,10.2,北北西,0,0,56
2020/11/15,13.4,18.6,7.5,2.5,5.6,9.2,南,3.8,0,65
2020/11/16,14.7,21.4,9.1,1.5,3.3,5.7,北北西,3,0,66
2020/11/17,15.2,20.7,10.8,2.3,5.4,8.3,南東,0.5,0,62
2020/11/18,15.8,21.4,10.3,2,4.6,8.5,北西,5.3,0,77
2020/11/19,19.1,24.9,13.2,3.6,7.8,15.5,南,8.5,0,74
2020/11/20,21.9,23.9,18.5,5.5,9,16.4,南,10,0,73
2020/11/21,16.6,20.2,11.1,3.6,8.2,15.9,北北西,2.5,0,46
2020/11/22,15,19.3,8.5,2.8,8.1,14.1,南,1.3,0,66
2020/11/23,15.5,20.9,11.4,2.6,6.1,12.6,北北西,7.5,0,54
2020/11/24,11.8,13.3,10.1,2.7,5.8,11.3,北北西,10,0,56
2020/11/25,10.5,12.1,9.2,2.3,4.6,8.2,北西,10,5,94
2020/11/26,12.8,18.6,9.2,1.5,4.2,5.8,北北西,4.8,0,81
2020/11/27,11.6,13.2,10.2,2.5,4.8,8.6,北東,9.5,0,78
2020/11/28,11.8,17.3,8.8,3.5,8,15.4,北北西,5,0,56
2020/11/29,10.1,13.7,7.5,2,4.6,8.7,東北東,8,0,56
2020/11/30,9.9,14.9,5.2,1.8,3.9,6.7,北西,6.3,0,69
2020/12/1,10.2,14.9,5.6,2,3.9,6.4,北,0.8,0,66
2020/12/2,8.2,10.2,7,2.3,4.4,7.5,北北西,9.8,8,81
2020/12/3,8.1,10.6,6.7,2.1,4.6,7,北西,8,0,91
2020/12/4,9.2,13.9,5.5,2.1,4.9,10.3,北,5.3,0,61
2020/12/5,6.6,7.7,4.4,2.1,3.9,6.2,北西,10,3.5,86
2020/12/6,8.2,13.5,4.4,1.6,3.9,5.6,北,4.8,0,80
2020/12/7,9.7,16.1,4.7,1.5,3.6,5.7,北北西,0.8,0,71
2020/12/8,11.4,17.2,5.8,2,4.2,7.8,北西,5,0,66
2020/12/9,9.8,12.2,7.9,2.1,3.9,7.2,北北東,10,0,61
2020/12/10,9.3,12.2,6.9,2.2,5,7.7,北西,7.5,0,72
2020/12/11,10.2,14.4,5.3,1.7,3.2,5.1,北西,5.5,0,76
2020/12/12,11.4,15,8.3,2,4.4,8.7,北西,10,0,70
2020/12/13,9.9,15.4,5.9,1.7,4.8,9.9,東,3.5,0,72
2020/12/14,8.5,13.1,5.5,2.7,5.6,10.1,北西,8.5,0,62
2020/12/15,6.1,11.3,2,2.5,5.5,11.5,北西,4.5,0,45
2020/12/16,4.6,9.6,0.5,1.9,3.5,6.8,北,2.8,0,43
2020/12/17,4.3,9.4,-0.1,2.7,7.2,13.4,北西,0.3,0,42
2020/12/18,6.1,11.6,0.5,1.7,3.5,6.1,南,2.5,0,52
2020/12/19,5.8,9.4,1.6,2.6,5.4,9.5,北北西,5.8,0,48
2020/12/20,4.4,9.4,-0.6,2.8,5.4,12.6,北北西,0.8,0,45
2020/12/21,5.3,11.2,0.1,1.7,4.4,7.9,北西,0,0,40
2020/12/22,5.6,11.7,0.5,1.8,3.9,5.8,北西,1.8,0,61
2020/12/23,7.7,14.1,1.2,2,4.2,6.6,南南東,2.5,0,54
2020/12/24,8,12.9,2.6,1.9,4.2,7.2,北西,7.5,0,56
2020/12/25,8.7,14,4.7,2.2,5,9.3,北北西,5.5,0,49
2020/12/26,6.4,11.8,1.5,1.7,3.8,6.5,北北西,2.3,0,51
2020/12/27,7.8,12.7,3.4,1.9,3.9,7.4,北北西,7.8,0,59
2020/12/28,8.5,13.5,6.2,1.6,3.5,5.6,北北西,5.5,0,72
2020/12/29,8.7,13.1,4.3,1.6,3.4,6.1,北北東,5.8,0,66
2020/12/30,6.9,12.3,2.7,3.4,9.5,20.8,北北西,10,1.5,68
2020/12/31,3.4,7.6,-0.2,3.3,8.8,15.4,北西,0.8,0,34
2021/1/1,4.4,10.5,-1.3,1.5,3.1,5.3,北西,0,0,40
2021/1/2,4.8,10.8,0.1,2,4.7,9.4,北西,2,0,53
2021/1/3,3.7,8.4,-0.4,1.6,3.5,5.5,北東,4,0,52
2021/1/4,5.8,11.4,1.3,1.8,3.3,5.8,北西,4.8,0,52
2021/1/5,6,10,2.5,1.7,4.2,7,北,10,0,67
2021/1/6,5.3,6.8,3.9,2.4,5.2,9.8,北北東,10,0,73
2021/1/7,6.3,12.7,2,4,10.7,21.5,北西,7.5,0,47
2021/1/8,2.4,6.5,-1.5,1.8,4.3,7.7,北西,4,0,42
2021/1/9,2.9,8.4,-1.5,2.3,5,9.4,北北西,2,0,31
2021/1/10,2.6,8.1,-2.4,2,4.5,6.8,北西,2.3,0,44
2021/1/11,2.3,6.5,-1.3,2,3.9,6.9,北北西,7.5,0,47
2021/1/12,3.4,5.7,1.2,2.3,4.3,6.9,北北西,10,0,68
2021/1/13,5.8,12.5,-0.5,1.8,3.7,5.8,西北西,1.3,0,64
2021/1/14,7.9,14.5,0.9,1.8,4,7.4,北西,0,0,55
2021/1/15,6.6,7.6,4.9,2.1,3.8,6.9,北北西,7.5,0,68
2021/1/16,10,18.7,4.3,2.7,7.1,11.6,北北西,3.3,0,61
2021/1/17,6.1,8,4.1,2.2,4.8,10.5,北,9.8,0,52
2021/1/18,4.3,8.6,1,2,5.8,12.3,北西,5,0,67
2021/1/19,4.4,9.5,1,4.1,7.2,12.8,北北西,0,0,40
2021/1/20,3.9,9.5,0.2,2.8,6,11.7,北北西,0.3,0,41
2021/1/21,4.8,10.7,-0.3,1.8,3.4,5.3,北西,4,0,53
2021/1/22,8.7,16,1.2,1.4,2.8,4.7,北,6.5,0,48
2021/1/23,6.4,10.2,2.7,3.1,5,10.3,北北東,10,19,85
2021/1/24,4.3,6.5,2.3,3.6,5.3,10.9,北北西,10,13,95
2021/1/25,7.6,13.2,3.8,1.9,3.5,6.9,北,7.3,1.5,74
2021/1/26,7.5,11.2,2.7,1.7,3.1,5.5,北北西,5.8,0,73
2021/1/27,10.3,16.2,6.4,2.5,6.6,13.9,北北西,9.5,1,68
2021/1/28,4.4,7.9,0.9,2.5,5.2,10.4,北北西,10,9,78
2021/1/29,5.3,10.8,0.7,3.2,6.6,11.5,北西,4.5,0,54
2021/1/30,4.1,9.3,0.9,2.9,6.9,14.2,北西,0,0,36
2021/1/31,5.4,11.9,-0.4,2.6,6.4,11.7,北北西,0,0,42
2021/2/1,7.2,14,1.8,2.7,6.3,12.7,南,6.5,0,57
2021/2/2,8.8,15.6,4.3,3.2,7.6,15,北北西,7.3,12,67
2021/2/3,6.2,11.8,1,2,3.6,6.4,北西,1.3,0,42
2021/2/4,7,12.6,0.6,2.9,8.6,15.2,北北西,0,0,42
2021/2/5,7.1,12.4,1.9,2.4,4.8,8.6,北西,4,0,53
2021/2/6,8.9,15,4.2,1.7,3.3,5.3,北北西,1.8,0,55
2021/2/7,9.9,16.3,4.4,2.4,5.1,10.7,北西,2,0,49
2021/2/8,6.1,11,2.8,3.2,6.1,11.3,北北西,5.8,0,41
2021/2/9,4.7,9.6,0.8,4,8.2,16,北西,0,0,32
2021/2/10,6.7,12.1,1.7,2.3,4.9,7.8,南西,5,0,48
2021/2/11,8.7,14.1,3.3,3.5,8.2,15.2,北西,3.5,0,44
2021/2/12,7.8,11.7,3.4,1.9,3.6,6.6,東,10,0,56
2021/2/13,10.4,16.2,4.9,2.4,5.1,8.3,南南東,5,0,66
2021/2/14,12.3,18.2,6.8,2.9,7,12.1,南南東,5.8,0,64
2021/2/15,11.4,14.1,8.3,2.7,8.5,22.5,北西,7.5,76.5,91
2021/2/16,10.6,16.4,5.1,3,8.2,16.1,北北西,0,0,38
2021/2/17,7.6,13.1,2.2,4,7.5,13.7,南南西,2.3,0,37
2021/2/18,4.3,10.4,-0.5,2.9,6.1,10,北西,4.3,0,35
2021/2/19,6.9,12.3,1.4,3.2,5.3,9.4,南,0.3,0,41
2021/2/20,10.2,18.1,1.4,3.3,8.2,13.6,南南西,0,0,47
2021/2/21,13.9,20.9,7.3,2.3,5.8,8,南南東,0,0,56
2021/2/22,14.9,21.9,7.7,2.7,7.5,13.4,北西,1.5,0,53
2021/2/23,11,15.5,5.5,4.3,8,13,北西,3.8,0,39
2021/2/24,6.4,11.9,3.2,4.3,6.6,14.7,北北西,7,0,34
2021/2/25,6.6,11.3,1.5,3,5.5,12.6,北北西,4.5,0,45
2021/2/26,8.7,11.8,5.6,2.7,6,11.2,北北西,10,0,43
2021/2/27,5.7,9.6,2.1,3.7,6.2,12.4,北北西,5.3,0,38
2021/2/28,6.6,12.9,0.3,2.4,5.1,7.8,南南東,3.3,0,54
2021/3/1,11.8,19.1,4.6,3.3,8.5,14.1,南,7,0.5,64
2021/3/2,13.5,19.8,7.9,5.6,10.9,22.9,南,10,9.5,82
2021/3/3,7.4,11.8,3.8,4.6,11,21.2,北西,5,0,43
2021/3/4,9,15,2.3,2.4,5.6,8.8,南東,9,0,60
2021/3/5,11.8,17.4,8.4,1.7,4.2,6.1,北西,9.8,2,78
2021/3/6,13.8,21,9.6,2.3,5.1,8.3,北北西,10,0.5,70
2021/3/7,7.8,10.3,5.8,2.9,5.2,9.7,北東,10,0,56
2021/3/8,6.6,7.7,5.1,2.6,4.6,8.4,北北東,10,5.5,87
2021/3/9,9.6,13.7,5.7,2.2,4.7,7.8,北北東,10,0,70
2021/3/10,12,19.4,6.8,3.5,7.8,15.5,北北西,3,0,45
2021/3/11,9.9,15.4,4.2,2.4,4.9,8.4,南,2.5,0,52
2021/3/12,12.7,18,7.5,1.9,4.9,7.6,南,10,0,63
2021/3/13,11.1,13.9,8.1,3.3,8.6,15.6,北西,9.5,65,95
2021/3/14,12.5,18.2,8.1,5.6,10.9,18.5,西北西,0.8,0,46
2021/3/15,12.9,19.5,8.3,3.8,6.6,13.2,北西,0.3,0,34
2021/3/16,14.5,22,7.6,2.8,6.6,12.6,南南西,8.5,0,46
2021/3/17,13.7,20.1,9,3.6,6.4,11.5,北西,2.5,0,38
2021/3/18,12.3,17.7,6.6,2.6,5.2,8.6,南南東,2,0,49
2021/3/19,12.9,18.9,9.5,2.7,5.4,8.6,北東,8,0,57
2021/3/20,14.1,18.6,10.8,2,4.6,7.5,南南東,10,0,68
2021/3/21,16.7,19.7,12.6,5.2,9.6,19.9,南,10,46.5,95
2021/3/22,12.1,15.6,7.5,3.5,6.8,13.8,北北西,10,0.5,54
2021/3/23,10.8,15.8,5.3,2.9,5.1,9.6,南,0.5,0,46
2021/3/24,13.8,20.5,6.7,3.5,6.8,11,南,5,0,61
2021/3/25,14.5,18.4,11.7,3,5.5,9.6,南,10,0.5,76
2021/3/26,14.5,21.2,10.2,3.4,9.2,17.4,北西,2.5,0,42
2021/3/27,13.7,18.3,8,3.3,6,9.8,南南東,7.3,0,49
2021/3/28,16.5,18.6,14.3,4.5,10.1,17.6,南,10,8,80
2021/3/29,17.5,23.4,13.3,2.7,6.8,12.1,南南東,7.5,34.5,84
2021/3/30,17.8,23.3,14,2.4,4.8,8.5,東北東,9.8,0,76
2021/3/31,17.9,23.4,15,3.2,6,10.1,北北西,5,0,54
2021/4/1,16.6,21.7,13.6,2.8,6.1,9.7,北東,7.8,0,61
2021/4/2,16,19.9,13.4,2.6,5.1,9.9,北北東,9.8,0,63
2021/4/3,16.9,22.3,11.8,2.7,5.9,9.3,南,5.8,0,63
2021/4/4,18.5,23.3,15.7,4.1,8.7,16.4,南,9,10.5,75
2021/4/5,12.9,17.2,8.5,3.2,5.9,10.6,北東,8,18,89
2021/4/6,10.6,15.7,6.4,2.8,5.6,9.2,北東,7,0,65
2021/4/7,13.3,19.6,7.9,2.5,4.9,7.9,北北東,2.8,0,59
2021/4/8,13.3,18.1,9.6,3.4,9,14.1,南南東,5,2.5,65
2021/4/9,11.9,18.3,7.2,3.1,7.8,14.7,北北東,5.8,0,46
2021/4/10,10.4,16.3,6.8,3,6.2,10.5,北北西,4.3,0,42
2021/4/11,12.5,18.6,6.5,2.7,6.4,9.5,南東,0.5,0,58
2021/4/12,14.4,20.8,9.1,3,6.7,10.9,南東,6,0,60
2021/4/13,15.7,20.1,12.1,3.8,7.5,13.5,南,10,0.5,79
2021/4/14,15.3,19.2,7.6,3.6,7,15,南,10,36,96
2021/4/15,10.7,16.5,6,3.1,6.1,9.7,南東,6.5,0,53
2021/4/16,13.7,19.1,8.2,2.6,6.2,9.8,南南東,9.5,0,64
2021/4/17,15.7,18.7,14,3.2,6.7,13.6,南東,10,33.5,80
2021/4/18,16.4,22,12.1,4.2,8.7,15.6,西南西,3,15,51
2021/4/19,15.8,21.9,11,3.5,6.4,12.8,北西,0,0,41
2021/4/20,17.2,24.5,10.6,2.5,6.2,9.4,南南東,2.5,0,52
2021/4/21,19.1,25.2,13.8,3.1,5.9,9.9,北西,0,0,35
2021/4/22,18.1,26.2,11.3,4.2,8.5,18.3,北北西,3.3,0,32
2021/4/23,13.8,20.4,9,3.1,5.2,8.8,北東,1.5,0,52
2021/4/24,15.3,21.6,8.9,2.6,4.8,8.2,南,8.3,0,57
2021/4/25,16.9,23.2,12.3,3.1,6.8,13.3,南,6,0,58
2021/4/26,13.4,19.4,8.9,3.3,6.4,11.7,北北東,1.8,0,35
2021/4/27,14.6,20.4,8.2,3.5,8,12,南南東,4.8,0,54
2021/4/28,18.2,23.8,10.7,3.8,7.4,14.5,南南西,7.8,0,63
2021/4/29,17.2,18.8,16,4.4,7.3,14.9,南,10,37,91
2021/4/30,18.8,24.2,12.7,3.4,7.9,14.7,北西,5,3,64
2021/5/1,17.7,24.1,12.5,4,9.2,17.3,南,6.8,8,73
2021/5/2,16.3,23.5,12.5,4.2,8.8,18.5,北西,5.5,2,66
2021/5/3,16.4,22.8,11.4,3.7,6.8,15.7,北西,5.3,0,42
2021/5/4,18,24.5,10.9,2.6,5.8,9.1,南東,5,0,52
2021/5/5,18.3,22.1,14,5.3,8.7,16.6,南,9.3,3,72
2021/5/6,18.5,24.4,15.6,2.8,5.3,9,南南東,10,3.5,75
2021/5/7,17.5,20.5,15.3,1.8,5.4,8.8,南,10,1,83
2021/5/8,19.5,24.9,12.9,2.9,6.3,10.9,南,5.5,0,71
2021/5/9,23,28.5,17.6,4.3,7.5,13.3,南南西,4.8,0,56
2021/5/10,20.2,25.1,16.1,3.4,6.5,10.8,北西,6.8,0,43
2021/5/11,17.5,19.9,15,2.3,4.7,8,東北東,9.8,0,58
2021/5/12,17.9,21.2,15.3,3.1,5.5,8.7,南南東,10,0,56
2021/5/13,16.1,18.2,14.4,1.8,3.3,6.3,北,10,12,94
2021/5/14,20.8,26.9,15.9,2.4,4.6,7.2,南,10,0,77
2021/5/15,21.2,26.4,17.1,3.7,7.8,13.5,南南東,9,0,72
2021/5/16,20,22.4,18.3,3.5,6.7,11.7,南,9.5,1,82
2021/5/17,23,25,19.8,6.1,9.3,17.3,南,9.3,0.5,88
2021/5/18,20.5,22.8,16.6,2.6,5.5,9.4,北北東,9.8,1,90
2021/5/19,17.2,18.4,16.1,1.5,3.3,6,北東,10,9.5,98
2021/5/20,19.1,22.3,16.2,1.6,4.3,7,北東,10,2,93
2021/5/21,21.7,25.2,16.8,4.9,8.9,18.9,南,10,5,92
2021/5/22,20,23.4,17.5,3.3,7.2,14.5,南,10,2,83
2021/5/23,19.6,25.4,15,3,5.7,9.5,南南東,5.8,5.5,77
2021/5/24,22.1,28,16.4,2.9,7.3,14.1,南,8.8,0,65
2021/5/25,22.4,28.9,17,3.6,8.4,14,南,7.5,0,66
2021/5/26,21.1,26,16.9,2.8,6.4,10.2,南東,10,0,61
2021/5/27,16.9,20.3,15.5,2.1,5.1,9.5,東南東,10,35.5,94
2021/5/28,20.5,26.1,15,2.9,7.8,14.2,南,10,0,75
2021/5/29,22.8,28.3,18.3,3.4,8,14,南,8,0,67
2021/5/30,21.2,26.8,17.8,2.8,6.1,11.3,東北東,8.5,0.5,71
2021/5/31,20.6,25.2,16.4,3.1,6.9,11.1,南南東,8.3,7.5,68
2021/6/1,20.1,25.7,15.1,3.1,6.3,10.6,南南東,5,0.5,74
2021/6/2,22,26.4,19,3,5.8,8.7,南南東,10,0,70
2021/6/3,22.1,27.4,18.1,3.2,6.3,10.4,南南東,8,3,73
2021/6/4,21,23.9,19.3,5.2,10.1,19.8,南南東,10,23,97
2021/6/5,22.1,26.7,19.1,2.9,6.5,9.8,南東,10,0,77
2021/6/6,21.7,24,19.5,1.8,4.6,7.7,南,10,0.5,83
2021/6/7,23.4,29.7,19.7,2,4.9,7.8,南南東,9.5,0,71
2021/6/8,24.8,31.4,18.8,2.2,6.9,12.8,北北西,6.8,0,64
2021/6/9,24.5,31.1,19.5,2.8,6.1,9.2,南南東,1.5,0,55
2021/6/10,24.1,30.7,19,2.7,4.8,7.6,南南東,0.8,0,64
2021/6/11,23.7,29.4,20.6,3.4,5.9,9.4,南南東,9.5,0,68
2021/6/12,23.3,28.1,19.5,3.7,7.4,12.6,南南東,8.5,0,73
2021/6/13,24.3,28.1,21.2,2.7,6,8.8,南,10,0,68
2021/6/14,21,23.7,19,2.2,5.2,7.5,南南東,10,3.5,92
2021/6/15,23.4,29.5,18.8,2.5,6,9.6,南南東,7,1,80
2021/6/16,22.2,24.9,20.6,2.3,5.5,9.3,南南東,10,30.5,87
2021/6/17,21.8,26.7,18.9,2.7,5.7,10.7,北北西,8.3,3.5,77
2021/6/18,22.8,27.4,18.5,3,5.5,9.5,南南東,10,0,69
2021/6/19,20.3,23.1,19.2,2.9,5.4,9.6,南,10,12,95
2021/6/20,22.8,28.6,19.5,2.4,4.6,8.6,北北西,10,14.5,85
2021/6/21,22.9,27.9,19.6,2.6,6,9.5,南南東,7.3,0,74
2021/6/22,23.1,28.6,19.1,2.9,5.9,8.9,南南東,8.5,0,76
2021/6/23,22,25.6,20.6,2.2,4.9,7.9,東北東,10,1.5,82
2021/6/24,22.8,27.2,19.1,2.8,6,10.4,南南東,8.8,0,78
2021/6/25,23.3,27.5,20.7,2.7,5.6,9.8,南南東,8.8,19,79
2021/6/26,24.2,28.4,20.5,2,5.9,8.5,南東,10,0,74
2021/6/27,23.7,26.7,21.6,2.1,4.2,7.1,東北東,10,0,78
2021/6/28,24.4,29.6,20.1,2.5,5,9.2,東北東,7.5,0,73
2021/6/29,21.9,28.4,18.8,2.9,5.4,10.5,北北西,9.5,53,90
2021/6/30,20.6,23.1,18.4,1.9,3.5,7,東北東,10,3,91
2021/7/1,20.9,22.9,20.1,1.8,5.8,10.9,北西,10,64.5,98
2021/7/2,21.2,22.2,20.3,1.4,3.4,5.4,北西,10,68,100
2021/7/3,22.2,25.8,20.5,2.1,4.3,7.9,東北東,10,53.5,92
2021/7/4,20.1,21.1,19.3,1.5,3.3,5.5,北東,10,17.5,98
2021/7/5,22.1,25.1,19.9,1.3,3.9,5.3,北,10,2.5,96
2021/7/6,24.7,29.6,22,1.6,3,4,南南東,10,0.5,91
2021/7/7,25.8,30,22.9,2,4.1,7.8,東,9.8,0.5,85
2021/7/8,23.7,24.8,22.3,2.2,3.8,6.9,東,10,7.5,93
2021/7/9,23.5,24.9,22.2,1.4,3,4.7,北北東,10,9,100
2021/7/10,27,33.4,22.7,2.5,5.7,11,南東,8.5,4.5,86
2021/7/11,24.7,31.8,21.2,1.7,9,17.2,北北東,6.3,17.5,91
2021/7/12,25.8,31.6,21,2,4.9,7.8,南南東,8,0,82
2021/7/13,25.5,29,23.4,2,4.7,9.1,北東,10,0,81
2021/7/14,25.3,28.8,22.8,2.4,6.6,10.7,南東,10,0,82
2021/7/15,26.4,31.1,23,2.5,5,7.7,北東,9,0,80
2021/7/16,27.7,33.2,24.1,2.7,5.8,9.3,南東,6.3,0,77
2021/7/17,27.4,32.6,23.5,2.8,5.5,8.9,南,4.3,0,74
2021/7/18,28.1,33.2,23.7,3.7,7,10.6,南,2.8,0,76
2021/7/19,29.2,34.7,25.1,2.7,5.2,8.1,南,3.3,0,75
2021/7/20,28.8,34,25.6,2.9,5.3,8,南,9,0,72
2021/7/21,28.4,33.6,24.3,2.8,5.4,7.8,南,4.3,0,70
2021/7/22,28.4,34.2,24.1,2.9,6.3,10.4,南,2.3,0,69
2021/7/23,28.4,34,24.6,2.9,6.5,10.1,南南東,6,0,71
2021/7/24,28.5,34.4,25.3,2.9,6.2,10.9,南東,4.8,0,72
2021/7/25,28.5,34.4,24.7,2.5,6,9.5,南東,4.5,0,70
2021/7/26,27.5,32.1,24.6,2.9,5.1,10,北東,9.5,0,66
2021/7/27,24.9,29.8,21.3,3.1,6.1,11.9,北西,8.5,34.5,84
2021/7/28,27.7,32,23.9,3.4,6.9,12.2,南南東,8,0,79
2021/7/29,27.8,32.1,24.3,3.6,7.8,12.8,南,8,0,79
2021/7/30,25.8,30.5,23.9,2.4,5.2,7.3,南東,9.3,30,93
2021/7/31,27.5,32.5,23.3,2.2,4.2,8.3,東,7,0,77
2021/8/1,28.7,33.7,24.2,3.2,6.1,10.4,南南東,2.3,0,76
2021/8/2,28.6,33.1,25.6,3.4,7.4,11,南東,7,0.5,80
2021/8/3,29,32.9,25.7,4,7.4,10.7,南,6.3,3,80
2021/8/4,29.5,34.5,25.7,3,5.1,8,南,2.8,0,76
2021/8/5,29.1,34.7,24,2.8,5.6,8.1,南南東,5.8,0,74
2021/8/6,29.1,34.8,24.6,2.9,6.5,10.2,南南東,4,0,75
2021/8/7,27.9,31.4,26.3,2.5,6.6,10.8,北東,9,2,85
2021/8/8,25.9,28.8,24.7,3,4.9,10.1,北,10,90.5,97
2021/8/9,28.1,31.3,25.6,6.1,12.4,21.2,南,6,2,84
2021/8/10,31,36.8,27.2,4.7,11,22.2,南南西,4.8,0,58
2021/8/11,29.2,33.5,25.9,2.9,6.6,10.6,南東,9.3,0,61
2021/8/12,26,29.2,23.9,2.4,4.8,8.2,南南東,9.5,0.5,84
2021/8/13,22.5,25.4,20.5,2.7,7.1,12.9,北東,10,20.5,97
2021/8/14,22.3,25.6,20.1,2.7,7.3,13.2,北,10,77,100
2021/8/15,19.3,20.2,18.4,2,3.1,6.5,北北西,10,138.5,100
2021/8/16,20.7,22.5,19,1.8,3.6,5.2,北西,10,2,98
2021/8/17,23.7,27.4,20.7,2.4,7.3,15.1,南南東,10,23.5,96
2021/8/18,27,31.3,24.5,5.2,8.3,15.7,南,6.5,3,83
2021/8/19,28.5,33.8,25.1,4.8,8.8,15.9,南,5.8,0,74
2021/8/20,28.7,33.7,25.2,4.4,7.1,11.7,南,2.8,0,71
2021/8/21,27.9,32.1,24.8,3.2,5.8,9.8,南,8.8,0,75
2021/8/22,28.5,33.6,25.5,2.5,5.2,9.5,南南西,10,0,76
2021/8/23,26.9,30.3,22.2,2.3,4.9,9.8,南南東,10,2.5,84
2021/8/24,27.5,31,23.9,2.8,5.9,9,南南東,9.8,0,78
2021/8/25,29.4,34.4,26.3,2.5,5.4,8.2,南,8.8,0,76
2021/8/26,30.5,35.7,26.6,2.3,5.1,8.4,南南東,4.8,0,75
2021/8/27,30,34.3,26.9,2.5,6,9.7,南南東,2.8,0,74
2021/8/28,29.8,34.8,26.7,2.4,5.1,8.8,南南東,3,0,76
2021/8/29,28.5,32.8,26.5,2.7,4.9,7.3,北東,7.3,0,72
2021/8/30,29.2,33.8,26.1,2.8,6.6,10.1,南南東,4.8,0,79
2021/8/31,26.9,32.4,21.2,2.9,6,9.6,北東,10,17,76
2021/9/1,20.7,23.5,18.3,2.2,4.1,8.1,北北東,10,3,95
2021/9/2,19.4,20.6,18.4,2.1,3.9,8.1,北北東,10,18.5,99
2021/9/3,19.7,21.4,18.7,2.2,3.8,7.2,北西,10,17,99
2021/9/4,20.6,22.9,19.2,2.2,5.1,9.6,北北西,10,14,97
2021/9/5,21,24.7,18.6,2.7,4.8,9.6,北北西,9.3,10,87
2021/9/6,19.9,21.8,18.1,2.4,5.7,11.2,北,9.8,8.5,86
2021/9/7,20.4,24.4,16.8,2.5,4.5,8.5,北北東,8,0,71
2021/9/8,20.3,25,16.9,1.5,3.3,6.1,北,10,0.5,83
2021/9/9,20.5,22.5,18.3,1.6,3.5,5.5,北北西,10,14,96
2021/9/10,24.8,30,20.6,2.5,5.2,9.7,南南東,4,0,81
2021/9/11,25,29.1,22.7,1.6,3.4,5.5,北北東,10,0,85
2021/9/12,24.4,26.9,22.8,1.9,4.8,8.3,北北西,10,0,89
2021/9/13,25.2,30.7,21.5,2.6,7.2,11,南東,10,0,71
2021/9/14,22.8,25.7,19.8,2.1,4,6.5,南南東,10,5.5,84
2021/9/15,22.9,28.5,19.4,2.3,5.4,10.6,東北東,8,1.5,82
2021/9/16,22.3,27.4,19.4,2.9,5.3,10.3,北東,4.5,0,74
2021/9/17,22.3,25.2,17.6,2.4,5.4,9.6,南南東,10,0,78
2021/9/18,23.7,26,22,3.5,7.3,12.2,南南東,10,124.5,98
2021/9/19,23.9,29.2,19,3.1,5.2,10.2,北北東,3.5,0,74
2021/9/20,22.4,28.3,17.8,2.5,4.9,8.9,北東,0.3,0,69
2021/9/21,22.7,27.9,18.6,2.2,4.9,7.9,南東,6,0,75
2021/9/22,24.9,29.5,20.6,3.1,6.9,13.8,南,8.5,1,85
2021/9/23,26.6,31.7,22.9,2.3,5.1,8.1,南南東,5.3,0,77
2021/9/24,25.4,30.6,21.2,2.7,5.6,8.4,北西,5.3,0,62
2021/9/25,22.1,24.5,20.3,3.5,5.6,10.9,北東,9.5,0,73
2021/9/26,19.9,21.3,18.2,2.2,4.2,7.8,北,8.3,0,76
2021/9/27,20.1,24.8,17,2.7,4.9,9.3,北北西,6,0,75
2021/9/28,21.1,26.6,16.9,2.4,4.6,7.6,東北東,8.5,0,73
2021/9/29,21.9,26.3,17.5,2.1,5.8,8.8,南南東,7.3,0,78
2021/9/30,23.2,29.2,19.3,2,4.6,7.8,南,7.8,4.5,83
2021/10/1,19,21.3,17.2,3.8,7.2,17.9,北,10,113,91
2021/10/2,21.9,30.1,15.2,2.3,5.8,13.3,南,1.8,2,77
2021/10/3,22.1,27.7,18,2.4,6.2,9.9,南南東,1,0,75
2021/10/4,23.5,29.7,18.6,2.8,6,10.1,南,5.8,0,77
2021/10/5,23.9,29.1,19.3,2.8,5.7,8.7,南,5,0,75
2021/10/6,22.8,28.5,19.5,2.8,5.5,10.5,東北東,7.5,0,74
2021/10/7,21.3,24.1,18.2,1.7,3.7,5.5,北北東,10,0,80
2021/10/8,24.2,29.2,20.2,2.4,5.1,8.3,南,3.8,0,75
2021/10/9,22.7,28.1,20.3,3,5.4,10.1,北東,7.8,0,83
2021/10/10,22.2,26.7,19.7,2.3,4.6,7.6,南,6.8,0,80
2021/10/11,24,29.3,19.5,2.6,5.7,9.7,南,1.3,0,80
2021/10/12,20.5,23.8,17.9,3.1,5.1,9.2,北北東,10,2.5,90
2021/10/13,17.4,18.5,16.4,2.3,4.7,9.3,北,10,10.5,97
2021/10/14,19.1,24.5,15.9,2,4.8,7.2,北北西,5.3,0,82
2021/10/15,20.7,25.4,16.6,1.9,4.5,7,南南東,5,0,80
2021/10/16,21,23.2,18.9,2.1,5.3,8.9,南南東,10,0.5,90
2021/10/17,15.7,21.2,11.1,3.3,5.6,12.5,北西,8,13.5,84
2021/10/18,13.6,18.8,9.2,3,5.2,9.2,北北東,5.8,0,58
2021/10/19,13.5,15.4,11.5,2.6,4.8,7.4,北西,10,9,75
2021/10/20,16.1,22.3,11.6,3.5,7,13.5,北西,3,0,62
2021/10/21,15.4,19.3,12.3,2.6,5.8,10.7,北,6.8,0,51
2021/10/22,11.2,15.3,10.2,2.3,4.6,7.5,北,10,9.5,92
2021/10/23,13.6,19.2,8.6,3.2,7.3,15.7,北西,1.8,0,63
2021/10/24,13.4,19.5,7.9,1.7,4.4,6.7,北北東,2,0,63
2021/10/25,14,17.3,10.9,2.3,5.3,7.7,北西,10,5.5,70
2021/10/26,15,20.4,11.2,2.8,5.5,12.7,北北西,7.3,30,85
2021/10/27,14.5,16.6,12.8,1.5,3.3,4.8,北,8.5,1,91
2021/10/28,17.6,23,13.7,2.2,6.6,11.1,北北西,4.5,0.5,62
2021/10/29,15.3,20,10.9,2.6,4.9,13.4,北,0.3,0,53
2021/10/30,14.5,20.4,9.5,2,3.8,6.7,北西,2.5,0,61
2021/10/31,13.6,16.4,12.3,1.6,3,5.1,北北西,9.3,2,80
2021/11/1,16.8,21.4,12.4,1.8,4.2,6.7,北北西,10,0,81
2021/11/2,17.7,21.9,15.3,1.9,4.1,7,北,8.5,0,78
2021/11/3,17.1,22.1,13.5,2,4.1,8.6,北北西,6,0,61
2021/11/4,15.5,20.3,11.6,1.8,4.5,7.3,北,7,0,57
2021/11/5,15.3,20.3,11.5,2.1,3.8,7.5,北北西,0,0,61
2021/11/6,14.9,19.6,10.6,2,4.3,7.7,北北西,3.8,0,66
2021/11/7,15.7,19.2,12.2,2.4,4.5,8.7,北北東,9.5,1,73
2021/11/8,16.4,21.5,12.7,2.4,5.1,10.3,北北西,7.5,1.5,79
2021/11/9,16.1,19.8,14.2,2,5,10.2,北西,10,47.5,99
2021/11/10,16,20.9,13.6,3.3,9,15.2,南南西,4.8,0,60
2021/11/11,15.4,20.7,10.8,2.9,6.1,10.1,南南西,0,0,49
2021/11/12,14.5,21.5,9.7,2.1,5.8,10,南西,4.8,0,52
2021/11/13,13.1,18.4,8.6,2.2,4.6,6.6,南南東,0.5,0,55
2021/11/14,14,19.6,8.9,1.9,5.1,8.7,北西,6.8,0,62
2021/11/15,14.3,20.4,9.5,1.7,3.7,5.2,北西,0,0,57
2021/11/16,14.2,18.8,11.2,2.2,4,7.3,北東,9.8,0,66
2021/11/17,13.5,17.6,9.8,2.1,3.6,6.3,東北東,5.5,0,60
2021/11/18,12.6,17.4,9.6,1.8,3.3,6,北西,7.8,0,72
2021/11/19,12.5,17.6,8.4,1.8,3.8,5.8,北北西,8.8,0,73
2021/11/20,13.2,18.7,8.3,2,4.1,7.5,北,0,0,69
2021/11/21,12.5,15.8,9.4,1.5,2.9,4.8,北西,7.5,12.5,83
2021/11/22,13.5,16.6,11.9,2.2,5.3,8.4,西北西,10,24.5,98
2021/11/23,12.5,17,7.9,2.5,6.6,12.7,北西,6.3,0,58
2021/11/24,11.4,16.9,7.2,2.9,6.8,11.8,南南西,0,0,48
2021/11/25,12.3,18.5,6,2.3,5.7,9.3,南,0,0,51
2021/11/26,12,17.3,8.3,2,4.5,6.4,北西,0,0,59
2021/11/27,9.6,13.8,6.2,3.7,6.9,13.1,北西,0.3,0,48
2021/11/28,8.9,14.4,3.8,2.9,6.6,13.8,北西,0,0,51
2021/11/29,8.1,13.6,4,1.6,3.3,6.2,北,5,0,59
2021/11/30,11,16.1,3.8,2.1,5.2,9.5,南南東,3.8,6,72
2021/12/1,15.5,20.3,9.7,3.6,10.4,19.1,南,7.3,54.5,67
2021/12/2,10.1,13.8,6.1,2.6,5.6,10.4,北,2.3,0,44
2021/12/3,9.7,16.1,4.6,2.1,5.2,8.4,北西,1,0,58
2021/12/4,9.9,14.9,5.1,1.6,4.2,9.7,北北西,0,0,55
2021/12/5,8.6,11.9,5.4,2.6,4.8,10.6,北東,5.3,0,51
2021/12/6,8.9,10.8,6.6,2.4,4.1,7.4,北西,10,0,66
2021/12/7,11.8,14.9,9.5,2.4,5,9.7,北北西,10,9.5,86
2021/12/8,9.5,10.6,8.3,3.6,5.7,12.6,北北西,10,36.5,92
2021/12/9,10.2,14.2,8.2,2.8,5.1,10.8,北北東,7.3,0,66
2021/12/10,8.6,12.5,6.3,2,4.2,6.8,北西,10,0,69
2021/12/11,9.4,15.4,4.1,1.5,3,4.5,北北西,0.8,0,73
2021/12/12,11.3,16.7,7.9,1.7,4.6,7.1,北西,7,0,72
2021/12/13,9.7,13,5.8,3.7,7.2,13.1,北西,0.3,0,46
2021/12/14,5.1,6.4,3.6,2.1,5.6,9.9,北西,7.3,5.5,77
2021/12/15,7.6,14.3,2.6,1.2,2.5,3.4,西北西,0,0,73
2021/12/16,9.5,14.7,4.2,1.7,3.3,6.4,北西,5.8,0,68
2021/12/17,8.7,11.9,4.9,2.8,11,24.5,北北西,7.5,6,80
2021/12/18,4.5,8.5,1.7,4.1,10.1,17.7,北西,0,0,39
2021/12/19,4.3,10,-0.7,1.4,2.8,5.3,北北東,0,0,53
2021/12/20,6.4,11.9,0.8,2,4.2,6,西北西,3,0,61
2021/12/21,8.2,15.2,2,1.6,3.2,5.2,西北西,0,0,66
2021/12/22,8.8,13.5,5,3.5,6.8,13,北西,2,0,50
2021/12/23,8.3,13.2,5,3.5,5.8,12.6,北北西,2.5,0,41
2021/12/24,8,13.2,3.6,1.8,3.8,6.3,北西,4,0.5,58
2021/12/25,8.3,14.1,4.7,2.2,6.1,10.7,北北西,9.3,3.5,68
2021/12/26,3.5,7.6,-0.2,3.9,6.9,12,北西,4,0,36
2021/12/27,2.7,8.1,-2.2,2,4,7.8,西北西,0.5,0,40
2021/12/28,3.8,9.5,-1.6,2.4,6.2,11.5,北西,0,0,49
2021/12/29,4.2,8.9,0.9,1.6,3.9,6.1,北西,7,0,54
2021/12/30,6.5,14.5,0.6,2,7.1,12.1,北北西,2.3,0,53
2021/12/31,3.2,6,0.1,3,6.5,12,北北西,4.3,0,51
2022/1/1,3.4,7.8,-1,4.1,7.2,13.8,北西,0,0,32
2022/1/2,3.5,7.9,0.4,2,5.2,9.8,北西,2.5,0,52
2022/1/3,5.5,10.5,0.5,2.2,4.3,7,北西,0.3,0,56
2022/1/4,5.2,12.4,0.6,2.5,5.9,15.6,北北西,0.3,0,56
2022/1/5,4.1,8.7,0.6,3.5,7.7,12.8,北西,2.5,0,37
2022/1/6,0.7,2.6,-1.7,2,3.7,6.1,北西,7.8,6.5,74
2022/1/7,2.6,8.4,-3.5,2.6,5.9,11,北北西,0.3,0,64
2022/1/8,4.5,9.5,-0.2,1.9,4.7,8.5,北北西,1,0,53
2022/1/9,6.3,13.4,-0.5,1.5,3.8,6.7,北西,5,0,53
2022/1/10,7.7,9.6,6.1,2,3.7,6.6,北北東,9.8,0,60
2022/1/11,5.7,7.2,4.3,1.9,4.2,7.8,北西,10,16,91
2022/1/12,5,8.6,2.4,3.5,7.3,13.1,北西,0,0,46
2022/1/13,5.7,11.5,2.3,3.6,8,15.5,北西,5.5,0,44
2022/1/14,4.4,8.6,0.7,4.5,8.8,18.7,北西,0,0,38
2022/1/15,5.5,10.5,-0.2,3,6.1,12.7,北西,7.5,0,39
2022/1/16,5.4,11.1,0.3,1.6,3.4,5.2,北,0,0,60
2022/1/17,6,11.8,1.4,1.5,3.9,7.7,北西,7.3,0,58
2022/1/18,4.4,8.7,1.6,3.8,7.5,13.2,北西,0.3,0,39
2022/1/19,3.7,8.1,0.6,2.4,5.1,8,北西,2.3,0,44
2022/1/20,3.4,8.4,-1,3.4,8.2,14.5,北西,0,0,53
2022/1/21,3,7.8,-0.9,3.9,7.1,15.2,北西,1,0,43
2022/1/22,4.5,9.9,-0.1,2.4,5,8.2,北西,2.5,0,43
2022/1/23,5.1,7.7,1.6,1.9,4.3,6.5,北西,9.5,0,54
2022/1/24,6.4,11,1.4,2.6,4.7,9.9,北,7,0,53
2022/1/25,5.2,9.6,0.3,1.9,3.7,6.3,北東,5,0,57
2022/1/26,5.5,9.5,3.7,1.9,3.8,7.4,北西,5.8,0,83
2022/1/27,6.8,11.9,2,3.1,6.5,12.1,北西,5.8,0,53
2022/1/28,6.6,11.8,4.1,2.5,4.8,8.9,北北西,7.3,0,41
2022/1/29,5.9,10,3.7,2.2,5.1,7.6,北,9,0,49
2022/1/30,5.2,8.2,2.2,2.6,5.3,10.9,北北西,9,0,44
2022/1/31,4.9,10,1.5,3.3,6.4,12.4,北北西,0.8,0,36
2022/2/1,5.6,11.2,1.1,2.5,4.7,8.4,北西,0.8,0,46
2022/2/2,5.5,11.1,0.9,2.5,6.3,11.2,北西,0.5,0,45
2022/2/3,5.8,11.8,0.6,1.8,4.9,10.5,北北西,5,0,42
2022/2/4,4.9,8.5,2.4,1.9,3.6,7.2,北北西,7.5,0,50
2022/2/5,3.5,9.2,0.3,3.5,7.5,12.5,北西,2.5,0,45
2022/2/6,2.3,8.2,-1.9,2.3,5.3,9.3,北西,2.5,0,45
2022/2/7,4.5,9.7,-0.5,2.4,5.6,10,北西,1.8,0,36
2022/2/8,5.3,9.1,2.2,2,4,5.7,北西,9.3,0,55
2022/2/9,6.2,10.8,1.8,2.6,4.6,9.2,北北西,6.5,0,50
2022/2/10,2.3,6.1,0.6,2.6,4.5,8.7,北北西,10,27,90
2022/2/11,4.1,9.2,0.7,2.8,4.7,8.8,北北東,4.8,2.5,77
2022/2/12,4.7,9.9,0.2,1.9,4.3,6.2,南南東,5,0,62
2022/2/13,3.1,5,0.8,1.9,4.9,9.6,北西,7.5,22.5,86
2022/2/14,3.9,8,0.8,2.2,4,8.6,北北東,7.3,3.5,77
2022/2/15,5.5,11.6,1.1,1.9,4.3,7.6,北西,3.3,0,72
2022/2/16,6,11.8,1.3,2.4,5.3,10.6,北西,3.8,0,60
2022/2/17,4.6,9.7,0.5,3.1,6.5,12.4,北西,3.3,0,34
2022/2/18,5.7,11.4,-0.2,3.4,7.7,14.4,北西,0,0,41
2022/2/19,5,8.9,1.5,1.8,5.1,8.6,北西,7.5,6.5,72
2022/2/20,5.9,10,2.4,2.9,7.4,14.2,北西,7.5,9,77
2022/2/21,4.1,8.7,1.2,3.7,6.5,12.5,北西,0,0,34
2022/2/22,4.4,10,-0.5,2.3,4.7,10.4,北西,0.8,0,38
2022/2/23,4.4,10.3,0.1,2.4,5.2,10.1,北北西,2.3,0,38
2022/2/24,4.8,10.1,1.7,3.7,7,14.1,北北西,4,0,34
2022/2/25,6.5,13.4,-0.1,2.4,4.3,7,北西,0,0,34
2022/2/26,8.6,14.7,3,3,6.1,11.1,西北西,1.5,0,47
2022/2/27,9.5,18.5,3.2,3.4,7.5,13.5,北西,2.5,0,44
2022/2/28,9.8,15.9,4.5,2.8,5.9,8.9,北西,4.8,0,41
2022/3/1,11,18.3,4.9,2,6,12.8,北,6.8,0,51
2022/3/2,11.2,16.3,7.2,2.6,5.7,9.6,北北西,6.3,4,57
2022/3/3,9.5,15,4.7,2.4,5.3,12.4,北北西,5,0,64
2022/3/4,8.1,12.2,4.7,2.9,6.3,9.5,南南東,8.5,0,49
2022/3/5,11.2,17.9,4.3,3.2,8.3,14.6,南南西,2.8,0,55
2022/3/6,8.1,13.9,4.6,4.5,8.2,16.7,北西,3,0,33
2022/3/7,8.3,14.2,3.9,3.8,7.4,15,西北西,5.8,0,35
2022/3/8,6.3,8,4.1,2.4,4.2,6.4,北北西,10,0.5,74
2022/3/9,7.9,13.6,2.6,2.2,4.9,8,北東,6,0,58
2022/3/10,9,14.3,3.7,2.1,5.6,9.4,南東,3.3,0,57
2022/3/11,12,18.7,5.2,2.6,7.2,13.3,南南西,4,0,59
2022/3/12,14.6,21.8,7.8,2.1,5.5,7.7,北西,2,0,48
2022/3/13,14.7,19.5,8.7,2.6,5.3,10.4,南,10,0,65
2022/3/14,16.4,24.1,7.8,4,7.9,17.3,東北東,7,1,70
2022/3/15,12.7,20.3,7.2,2.1,4.3,7.2,北東,5,0,65
2022/3/16,14.1,20.3,9.5,2.7,6.5,10.8,東北東,6.5,0,64
2022/3/17,14.1,21,8.3,2.6,5.7,9.7,南東,7.8,0,62
2022/3/18,5.2,10.3,3.8,3.6,5.6,10.5,北東,10,48,91
2022/3/19,10.1,18.6,4.4,2.9,8.1,15.9,北西,7.5,22,82
2022/3/20,9.9,15.5,4.1,2.5,5.8,11.6,北西,5.8,0,59
2022/3/21,9.6,14.1,6.2,2.6,4.7,7.7,北東,9.3,0,62
2022/3/22,3.7,9.9,1.2,3.2,5.3,9.8,北北東,10,18,92
2022/3/23,5.2,10.5,0.5,2.3,4.3,6.8,北北東,10,1,66
2022/3/24,8.2,14.3,2.4,2,5.7,8.2,北,3,1,73
2022/3/25,12.2,17.6,5.2,2.9,7.3,12.1,南南東,2.5,0,54
2022/3/26,16.1,19,13.3,4.7,9.3,20.2,南,10,7.5,80
2022/3/27,16.2,21.4,11.5,3.2,6.8,11,北北西,10,0.5,72
2022/3/28,13.5,19,10.7,2.9,5.6,10.8,北西,8.3,0,49
2022/3/29,10.2,11,9.1,2,4.2,7.1,北,10,0,55
2022/3/30,14.5,20.3,9.3,3.3,7.5,13.6,南南東,10,0,77
2022/3/31,15.1,22.8,8.9,2.8,6,11.6,北東,8,7,76
2022/4/1,7.6,12.4,3.9,3.2,5.8,12.4,北,9.8,16.5,63
2022/4/2,8.5,12.9,3.6,3,6.4,9.7,南東,7.8,0,51
2022/4/3,8.2,10.1,6.6,2.6,6,8.9,北西,10,13.5,84
2022/4/4,8.5,9.8,6.7,3.4,5.8,11.9,北北西,10,53.5,97
2022/4/5,12.6,17.9,8.2,2.8,5,10.5,北北西,9.5,1.5,78
2022/4/6,15.5,21.8,10.6,2.1,5.9,11.1,南南東,9,0,73
2022/4/7,14.3,19.2,10.9,2.9,5.4,10,東,7.8,0,72
2022/4/8,15.4,21.7,9.7,3,6.5,10.9,南東,0.8,0,57
2022/4/9,17.2,23.8,10.1,3.4,7.2,12.6,南,0,0,65
2022/4/10,19.6,26.8,13,2.4,5.1,7.6,南,0,0,60
2022/4/11,18.9,24.7,13.8,3.6,7.4,12.3,南南東,9.8,0,73
2022/4/12,20,25.6,15.4,2.8,5.8,9.5,南南東,2.5,0,70
2022/4/13,20.8,26.4,15.2,2.3,5.8,9.8,南東,7.3,0,75
2022/4/14,12.3,20.2,10,3.2,6.2,11.4,北東,10,4,90
2022/4/15,10.1,12.1,8.3,2.7,4.8,9.5,北北東,10,19.5,97
2022/4/16,12.5,20.2,8,2.4,4.6,8.2,北,8.8,1,76
2022/4/17,13.7,17.8,9.9,2.5,5.1,7.7,南南東,9.8,0,68
2022/4/18,14.3,18.2,11.7,2.1,4.9,9.6,北西,8.5,28.5,84
2022/4/19,15.3,20.9,10.6,2.4,6.1,9.8,南南東,9,1,75
2022/4/20,12.2,14,9.5,2.1,5.1,9,北北西,10,1.5,84
2022/4/21,16.4,21.5,12.2,2.2,5.4,8.8,南南東,8.3,8.5,76
2022/4/22,19.2,26.2,13.5,2.4,6.3,10.6,南南東,5,29,82
2022/4/23,20.8,26.7,16.5,1.8,5.5,9.2,南南東,8.5,0,74
2022/4/24,17.3,20.3,14.1,2,4.9,8.4,北北西,10,3.5,81
2022/4/25,19.9,26.6,13,2.5,5.9,9,南南東,4.8,0,77
2022/4/26,21.3,23.6,17.9,4.3,9.2,18.1,南,10,2.5,89
2022/4/27,23,27.7,18.9,4.1,8.3,17.9,南,10,0.5,79
2022/4/28,16.9,21.1,14.2,3.4,6,11.2,北東,6.8,0,57
2022/4/29,12.9,16.4,9,2.6,5.4,11.7,北,7.8,40,86
2022/4/30,12.6,18.4,7.4,3.7,6.8,11.8,東北東,2.5,0,64
2022/5/1,12.7,16.8,10.8,2.1,4.2,7.4,北北西,9.8,12,83
2022/5/2,13.3,19.4,9.5,2.7,6.6,10.8,南南東,8.5,1,74
2022/5/3,15.2,20.4,9.3,2.7,5.7,9.3,南,0.8,0,63
2022/5/4,17.9,25,10.8,2.9,6.8,10.4,南,2.5,0,60
2022/5/5,19.8,26.3,13.6,2.7,6.1,10.6,南南東,6.5,0,65
2022/5/6,19.5,24.5,15.2,3.1,5.9,9.9,南南東,10,0,71
2022/5/7,18.5,22.8,15.4,1.8,3.9,7.7,東,8.8,7.5,87
2022/5/8,18.3,22.5,16.2,3.1,7.4,11.3,北西,8,0,59
2022/5/9,14.1,17.3,11.2,2.4,4.5,8.6,北北東,10,8,80
2022/5/10,16.5,23,11.2,2.6,4.5,8.4,東北東,10,0.5,64
2022/5/11,18.7,24.6,13,2.4,5.1,7.5,南南東,10,0,63
2022/5/12,19.4,25,16.3,2.4,6,9,南南東,10,2,87
2022/5/13,18.8,20.6,17.3,2.1,5.7,9.9,北西,10,28.5,100
2022/5/14,21.8,25.6,19.6,3.4,9,15.1,南,10,9.5,87
2022/5/15,17.5,19.9,14.7,2.5,5.3,9.7,北東,10,1,67
2022/5/16,14.5,15.6,13.2,2.1,4.3,6.7,北,10,7.5,95
2022/5/17,15.7,18.2,13.7,1.5,2.6,4.1,南,10,0.5,90
2022/5/18,18.8,24.9,13.4,2.5,5.4,8,南,9,0,73
2022/5/19,20.5,26.6,14.2,3.2,6.6,12,南,5,0,60
2022/5/20,21.2,25.9,16.3,2.6,5.8,9.1,南,10,0,72
2022/5/21,18.2,20.7,15,1.8,5.6,9.5,南南東,10,39.5,91
2022/5/22,19,25.9,14,2.7,5.2,8.4,北北西,9,1.5,79
2022/5/23,19.6,26.1,16,3,5.1,9.5,北北東,8,0.5,72
2022/5/24,20.9,26.2,16.5,3.3,7.1,12,南南東,4.3,0,72
2022/5/25,21.8,27,18,3.7,6.5,11.3,南南東,7,0,71
2022/5/26,21.6,26.2,17.2,3.7,6.8,12.2,南南東,7.5,0,72
2022/5/27,21,24.6,19.2,4.1,9.5,16.4,南南東,10,59.5,91
2022/5/28,22.4,27.7,16.8,2.5,6.1,9.3,南南東,3.5,0,62
2022/5/29,24.1,31.2,16.6,2.8,6.2,9.5,南南西,2.8,0,53
2022/5/30,22.3,27.8,18.8,3.2,6.8,11.7,東北東,6.3,0,70
2022/5/31,18.7,20.4,16.6,2.2,4.5,7.4,北北東,10,19,91
2022/6/1,21.8,27.1,17.3,2.6,5.5,9.1,南,10,0,60
2022/6/2,22.5,28.1,17.6,3.8,7.6,13.7,南,2.3,0,70
2022/6/3,20.6,27.2,17.3,2.5,6.9,12.9,北西,6.8,5,83
2022/6/4,20.3,25.6,15.8,3,8,11,南南東,5.3,0,68
2022/6/5,21.5,26.2,18.2,2.9,5.9,9.6,南南東,10,0,76
2022/6/6,16.6,18.4,15.7,3.2,5.4,11.9,北東,10,43.5,97
2022/6/7,16.8,19.8,15.3,2.7,4.6,8.6,北北東,10,3.5,90
2022/6/8,17.2,20.5,14.7,2.6,4.3,7.6,北東,10,0,82
2022/6/9,19.1,24.7,15.9,2.4,5.3,8.5,南東,8.3,0,83
2022/6/10,21.2,25.2,18,2.6,5.5,8.3,南南東,9.3,0,78
2022/6/11,21.9,25.4,19.4,2.7,5.3,7.7,南東,10,0.5,80
2022/6/12,21.4,26.6,18,2.7,6.5,13.1,北,7,0.5,72
2022/6/13,21.2,27.4,17,3.5,6.9,11.6,北北西,9,0,53
2022/6/14,17.3,18.6,15.4,3.2,5.2,8.7,北東,10,0.5,80
2022/6/15,16.9,18.7,15.1,1.7,3,5,北西,10,3,95
2022/6/16,20.3,24.1,17.3,1.4,3.7,6,南,10,0,87
2022/6/17,22.8,28,19.1,1.6,4.2,6.1,南南東,8.8,0,83
2022/6/18,22.7,25.9,19.9,1.7,4.6,7.3,南南東,9.8,2.5,90
2022/6/19,24,28.9,19.5,2.6,6,9.7,南南東,6.3,0,83
2022/6/20,25.1,30.3,21.4,2.1,5.5,8.7,南南東,9.8,0,81
2022/6/21,25.2,30.1,22.2,2.4,5.8,8.6,北東,9,0.5,80
2022/6/22,23.8,28.6,21.4,2.5,4.9,7.7,北東,10,4.5,87
2022/6/23,23.5,26.2,21.6,2.4,5.1,8.6,北東,10,0,87
2022/6/24,27.5,32.6,22.9,5.6,9.3,17.3,南,7.3,0,75
2022/6/25,30,35.4,25.9,5.3,9.4,17.4,南,0.8,0,67
2022/6/26,29.6,36.2,25.7,4,7.9,15.3,南,2.3,0,61
2022/6/27,29.5,35.7,24.1,2.5,5.7,10.5,南南東,5.5,0,65
2022/6/28,29.2,35.1,24.8,2.5,5.4,7.7,南南東,3.8,0,71
2022/6/29,29.4,35.4,25.3,2.8,5.4,7.6,南南東,8,0,71
2022/6/30,30.8,36.4,25.3,2.7,6.4,10.3,南南東,5,0,66
2022/7/1,30.4,37,25.4,2.7,5.6,9.4,南南東,0.5,0,68
2022/7/2,29.5,35.2,25.4,2.9,6.1,9.9,南南東,5,0,72
2022/7/3,28.9,35.3,25.2,2.1,5.4,9,南南西,8.3,0,74
2022/7/4,26.5,29.3,24.4,2,4,7.3,南南西,9.3,3.5,81
2022/7/5,26.2,32.1,23.9,3.2,7.6,14.9,南,9.8,2,81
2022/7/6,26,31.1,23.6,3.5,6.6,12.5,北北東,9.5,0,82
2022/7/7,25.5,31.4,23.1,2.9,5.4,9.8,東北東,8,0,77
2022/7/8,26,31,22.4,2.6,5,8.8,北北西,7.5,0,67
2022/7/9,26.6,32,21.8,2.8,6.6,10.7,南,7.5,0,68
2022/7/10,27.4,31.8,24.3,4,7,11.4,南南東,6.8,0,75
2022/7/11,28.1,34.4,24.9,2.9,6.1,9.9,南南東,8,0,75
2022/7/12,25.9,28.5,22.7,2.8,6.3,9.7,南南東,10,32,85
2022/7/13,23.7,25.2,22.6,2.2,4.4,6.7,北北東,10,53,98
2022/7/14,23.8,26.9,22.8,2.5,4.4,7.4,北東,10,22.5,95
2022/7/15,23.8,25.3,23,2,5.4,8.1,南南東,10,61.5,99
2022/7/16,23.5,24.7,22.6,1.9,4.5,7.6,南南東,10,9,100
2022/7/17,25.4,29.8,22.1,3,6.1,9.4,南,7.3,1.5,89
2022/7/18,27.5,32.2,23.1,2.2,5.4,7.6,南,8,0,79
2022/7/19,27.4,31.6,25.6,3.1,6.6,12.2,南南西,10,0,83
2022/7/20,29.7,34.5,24.8,3.3,8,14,北西,8.5,0,65
2022/7/21,28.1,32.8,25,3.6,7.6,11.9,南南東,9.8,0,74
2022/7/22,28.3,32.8,26.1,4.5,6.5,11.5,南南東,5.8,1.5,81
2022/7/23,28.7,33.6,25.1,2.7,5.5,8.4,南南東,5.5,0,74
2022/7/24,28.3,32.8,24.9,3.3,7.4,11.2,南南東,6.3,0,73
2022/7/25,29.2,33.5,25.5,4.3,6.9,11.9,南,6.3,0,73
2022/7/26,26.6,29.1,24.9,3.5,6.6,12.4,南,10,45.5,94
2022/7/27,29.4,33.6,26.2,4.9,7.7,13.7,南,8.5,0,76
2022/7/28,28.8,32.9,25.5,3.7,7.4,11.5,南南西,7.3,1,80
2022/7/29,29.1,33.9,24.6,3.2,6.7,10.2,南東,6.3,0,76
2022/7/30,29.9,34.5,26.5,2.7,6.1,9.2,南東,6.8,0,75
2022/7/31,30.8,35,27.2,2.4,5.3,8.2,南南東,3.5,0,74
2022/8/1,30.6,35.9,27.1,2.8,6.5,9.5,南南東,8.8,0,72
2022/8/2,31.6,35.9,27.6,2.5,5.2,9.2,南南東,9.8,0,71
2022/8/3,31.5,36.1,28.2,2.3,5.1,8,南南東,7.3,0,75
2022/8/4,24.6,29.7,22.2,2.7,5.4,9,北東,10,18,89
2022/8/5,23.8,27.7,21.6,2.9,4.9,8.2,北東,9.8,0,83
2022/8/6,25.2,28.8,22.3,2.4,4.5,7.2,南南東,10,0,73
2022/8/7,27.6,33,24.4,2.2,4.9,7.5,南南東,8.3,0,80
2022/8/8,29.8,33.9,26.2,4.5,8,13.3,南,4.8,0,75
2022/8/9,30.9,35.7,27.7,5.5,8.4,14.4,南,6.8,0,69
2022/8/10,30.5,35.3,27.5,5.3,9.3,15.9,南,6,0,70
2022/8/11,29.5,34.3,26.8,5.4,8.9,15.6,南,6,0,75
2022/8/12,28.3,32,25.3,5.8,8.8,16.1,南,9.8,2,81
2022/8/13,25.5,28.6,23.8,4.8,8.6,17.2,南,10,47.5,94
2022/8/14,28.2,33.3,23.7,2.6,5.2,9.1,南南東,8.8,0,84
2022/8/15,29.4,34,25.9,2.5,5.1,9.1,南,8.8,0,78
2022/8/16,31,36.4,27.9,4.8,8.1,14.5,南南西,8.3,0,70
2022/8/17,27.3,32.3,23.4,2.5,4.5,8.4,北東,10,5,77
2022/8/18,26.8,31.1,23.7,2.8,6.8,11.7,南,6,13,81
2022/8/19,27.5,32.5,22.7,3.4,6.7,11.7,南南東,3,0,62
2022/8/20,26.4,31.2,23.8,1.8,3.8,6.1,北西,9.8,1.5,82
2022/8/21,26,29,23.8,2.1,4.5,7.3,北東,10,1,87
2022/8/22,26.2,29.5,23.6,2.5,4.2,7.4,北北東,10,0,82
2022/8/23,28.7,33.5,24.7,3.2,6.8,10.8,南,8.3,0,83
2022/8/24,27.8,32.7,22.6,2.9,5.8,10.4,北東,10,2,79
2022/8/25,25.7,29.3,23,2,3.6,6.7,南東,10,0,77
2022/8/26,27,31.3,24.2,2.1,4.9,7.8,南南東,10,3.5,89
2022/8/27,29,33.9,26.5,3.3,7,11.3,南南東,5.5,0,80
2022/8/28,23.7,28.1,21.4,3,5.4,9.4,北東,9.8,5,87
2022/8/29,23.3,28,18.6,2.8,4.8,9,北東,8,0.5,69
2022/8/30,22.8,26.2,20.2,1.9,4.1,6.4,北北東,10,5,88
2022/8/31,27.1,32.5,22.3,3.2,7,12.5,南,8.8,1,85
2022/9/1,27.1,32.7,23.6,3.7,8,13.3,南,9.8,23,90
2022/9/2,23.2,25.1,21.4,2.2,6.7,12.6,北,10,15,98
2022/9/3,24.6,29.1,21.5,2.2,4.3,6.6,北北東,7.8,0,84
2022/9/4,26.1,31.8,23.1,2.2,5.1,8.6,東,7,0,81
2022/9/5,26.6,31.3,23.9,2.7,5.8,8.9,南東,7.8,0,80
2022/9/6,27.8,32,23.9,3.9,8.5,14.3,南南東,6,0,82
2022/9/7,26.8,30,24.4,2.2,6,10.1,南,9.8,6,90
2022/9/8,23.5,26,21.4,2.4,4.8,9.1,北,10,1,91
2022/9/9,24.5,28.8,21.6,2.3,4.2,7.1,北東,9.8,0.5,87
2022/9/10,25.3,30.6,22,3.2,5.6,10.8,北東,3.5,0,70
2022/9/11,24.4,28.3,21.3,3,5.3,10.1,北北東,9.8,0,72
2022/9/12,25.8,30.9,22.3,2.8,5.4,10.1,東北東,9,1.5,74
2022/9/13,26.1,31.2,22,2.2,3.9,6,南南東,9,0,83
2022/9/14,26.7,32.3,22.9,2.9,6,10.5,東北東,9.3,0,76
2022/9/15,23.6,27.1,20.9,2.4,4.6,7.8,北東,9.8,0,70
2022/9/16,25.1,31.1,19.5,2.5,5.5,8.8,南東,4.3,0,65
2022/9/17,26.9,31.1,22.8,2.3,5,9,南南東,9.5,0,73
2022/9/18,25.2,26.7,23.7,2.5,6.8,12.5,南南東,10,72.5,99
2022/9/19,27.1,30.8,24.7,5.6,9.5,18.5,南南東,9.3,18.5,92
2022/9/20,22.3,27.8,17,4.9,9.5,18.1,南,10,50,94
2022/9/21,19.5,24.2,16.5,3.4,5.1,9.1,北東,10,0,75
2022/9/22,20.3,24.9,17.2,2.7,5.3,9,北西,10,0,69
2022/9/23,21.7,25.1,19,2.1,4.8,7.3,北西,10,9.5,91
2022/9/24,23.1,25.8,20.5,2.7,8.7,15.2,北北東,10,112.5,100
2022/9/25,22.9,27.6,20.1,3,5.2,8.7,北東,4,0,75
2022/9/26,23.3,29.1,18.5,2,4.2,6.9,南南東,1,0,75
2022/9/27,23.2,29,19.4,2.5,5.5,11.2,東北東,5.8,0,76
2022/9/28,22.8,27.5,18.7,2.5,4.3,7.9,北,6.3,0,63
2022/9/29,22.4,26.7,20.3,2.1,5,7.1,南南東,10,0,73
2022/9/30,23.2,28.3,19.2,2.3,3.8,7.4,北東,3.3,0,71
2022/10/1,23.6,29.2,19.8,2.6,4.7,8,北北西,2.5,0,67
2022/10/2,23.5,29.6,18.9,2.3,4.5,7.3,北東,1.8,0,64
2022/10/3,23,27.6,20.1,2.2,4.5,6.7,南南西,9,0,77
2022/10/4,25.2,29.5,20.5,4.6,7.9,14.4,南,5.3,0,71
2022/10/5,19.8,25.2,14.3,3,5.9,10.4,北東,9,14,88
2022/10/6,13.1,15,11.4,3.2,5.8,9.6,北北東,10,9,92
2022/10/7,12.4,13.3,11.3,3.3,6,12.1,北西,10,53,94
2022/10/8,16.1,20.9,12.1,1.8,4.1,8.8,北東,9.5,0,86
2022/10/9,17,21.1,14.3,2.2,3.9,7.6,北北西,7.8,7.5,84
2022/10/10,18.1,22.8,14.7,1.9,5.3,10.1,北西,10,9,95
2022/10/11,21.6,25.8,17.6,3,8.4,15.2,北,9.8,0,65
2022/10/12,18.5,20,17.4,2.3,4.3,6.8,北北東,10,0,68
2022/10/13,15.8,17.9,14.9,2.6,4.8,8.8,北西,10,9.5,91
2022/10/14,17.9,20.5,14.9,2.2,5.1,10.2,北北西,10,5,91
2022/10/15,20.2,24.7,17.5,1.9,3.8,5.8,北,9.5,0,79
2022/10/16,20,25.5,16.1,1.7,3.8,6.5,北北東,7.5,0,82
2022/10/17,20.1,21.9,18.7,1.4,3.2,4.9,北西,10,1.5,93
2022/10/18,16.2,18.8,13,2.9,5.2,9,北北東,10,4,85
2022/10/19,14.6,18.8,11.4,2.1,4.3,6.8,北北東,8.5,1.5,70
2022/10/20,14.7,20.7,9.7,2.1,4.1,6.3,南,0,0,58
2022/10/21,16.7,23.2,10.9,2.6,6.7,11.2,西北西,2.5,0,68
2022/10/22,16.6,20.8,14.1,1.5,3.8,5.1,北西,8.3,0,77
2022/10/23,18.2,23.8,13.1,1.8,5.3,11.2,北東,6.3,0,71
2022/10/24,13.3,17.2,11.9,3.1,5.4,9.5,北北東,10,0,77
2022/10/25,12.8,14.4,10.2,2.9,4.7,11,北北西,10,1,58
2022/10/26,13.8,18.9,9.5,2.9,4.8,10.5,北北西,2.5,3,59
2022/10/27,12.8,17.7,8.5,1.8,3.4,5.5,北北西,5.3,0,65
2022/10/28,13.5,19.2,9.9,1.7,3.3,5.9,北北西,4.8,0,73
2022/10/29,15.8,22,10.8,2.2,5,7.9,北,0.5,0,59
2022/10/30,13.8,19.2,10.2,1.7,3.3,6.5,北,4.8,0,58
2022/10/31,14.7,20.1,10.3,2.2,4.2,8,北北西,0,0,62
2022/11/1,14.8,17.6,12.1,2.3,4.3,7.9,北北西,10,0,69
2022/11/2,16.7,22.8,11.6,1.9,3.5,5.3,南南東,2,0,72
2022/11/3,17.8,24.3,12.8,2.4,6.3,11.6,西北西,2,0,70
2022/11/4,15.5,21,11.9,2.5,5.5,11.2,西北西,7,0,73
2022/11/5,14,17.3,11.7,2,3.3,5.7,北東,8.5,0,56
2022/11/6,13.5,18.4,10,2.1,4,7.4,北北西,2,0,61
2022/11/7,13.7,18.2,9.6,1.8,3.4,5.4,北北西,6.8,0,70
2022/11/8,15.9,22.2,11,2.1,4.4,8.1,北北西,2.5,0,55
2022/11/9,14.6,19.2,10.4,2.1,4.1,6.3,南南東,3.3,0,58
2022/11/10,15.2,21.8,9.9,1.9,3.7,6.2,北西,3.8,0,64
2022/11/11,16.1,21.6,10.4,2,3.4,6.3,北北西,0.8,0,66
2022/11/12,16.6,21.8,13.1,1.7,3.5,5.3,北北西,2,0,77
2022/11/13,18,24.1,13,2.9,8.4,15.9,南,7.5,0.5,82
2022/11/14,16.1,18.8,14.2,3.3,7,13.8,東,7,0,52
2022/11/15,11.1,14.4,9.4,2.1,3.7,6.3,北西,7.3,6,93
2022/11/16,12.4,17.3,8.3,2.2,5.1,9.4,北西,2.3,0,66
2022/11/17,12.8,17.7,7.7,1.9,3.4,6.1,北北西,7.3,0,58
2022/11/18,13.2,17.9,9.2,1.9,4,5.8,北西,3.8,0,67
2022/11/19,13.7,18.5,8.9,2.2,4,7.6,西北西,5.8,0,61
2022/11/20,11.6,13.7,10.3,2.4,4.5,8.8,北北西,10,6,80
2022/11/21,13.4,17.8,10.8,2.1,5.4,9.5,北西,7.5,3,93
2022/11/22,15.4,20.4,10.1,2.1,4.8,8.9,北東,5,0,74
2022/11/23,11.7,15.3,10.3,2.8,5.9,12.1,北西,10,42,93
2022/11/24,15.3,20.9,9.5,3,7.3,12.6,北西,7,0.5,66
2022/11/25,13.5,17.8,10.5,2.2,5.7,8.3,南南東,2.5,0.5,67
2022/11/26,12.7,16.6,10.5,1.6,3.5,5.6,北西,9.8,1,81
2022/11/27,14.4,19.2,10.8,2.6,5.8,12.3,北北西,2,0,54
2022/11/28,11.7,14.3,8.4,1.6,3.1,5.3,北西,10,0,65
2022/11/29,16.7,21.3,11.6,3.3,7.4,15.4,南,10,10.5,84
2022/11/30,16.6,20.6,13.4,2.2,6.9,12.8,北,9.8,32.5,81
2022/12/1,10.1,13.6,8.4,2.1,4.3,7.9,北北西,10,0.5,74
2022/12/2,9.4,13.3,6.1,2.5,4.6,8.3,北北西,9,0,60
2022/12/3,7.8,11.7,5.4,1.8,4.3,6.5,北北西,7,0,67
2022/12/4,10.2,15.9,4.9,1.7,4,7.4,北西,5.8,0,66
2022/12/5,7.6,10.3,5.2,2.2,4,7.4,北,10,19.5,78
2022/12/6,6.1,8.6,4.1,2.1,3.9,8.9,北北西,7.8,9.5,94
2022/12/7,8.5,14.2,3.6,1.5,3.4,4.8,西北西,2,0,71
2022/12/8,9.3,14.9,4.3,1.4,3.4,6.1,西北西,2.5,0,62
2022/12/9,9.3,13.8,5,1.8,3.8,6.8,北北東,6.3,0,66
2022/12/10,10.4,15.8,5,1.8,3.3,6.2,北西,5.8,0,65
2022/12/11,9.5,15.2,6.4,2.3,5.1,10.3,北北東,7.5,0,72
2022/12/12,8.2,11.8,5.8,2.2,4.6,8.7,北東,4,0,59
2022/12/13,7.2,10.1,5.3,1.9,4.6,7.5,北西,7.3,3.5,87
2022/12/14,9.2,15.4,4.9,2.9,6.4,11.8,南南西,0.3,0,52
2022/12/15,7,12.4,3,2.2,4,7.5,北西,2,0,47
2022/12/16,8.2,14.1,2.3,1.7,4.1,7.2,北西,0,0,51
2022/12/17,6.7,10.1,4.5,1.6,3.1,6,北北西,10,3.5,64
2022/12/18,6.5,11.3,2.8,2.8,6.3,11.4,西北西,4.5,2.5,57
2022/12/19,4.9,10.1,0,2,4.6,7.4,南南西,0,0,38
2022/12/20,5.4,10.9,0.8,1.7,3.5,5.3,北西,0,0,48
2022/12/21,6.5,9.9,2.8,1.8,3.2,6,北西,10,0,60
2022/12/22,7.2,10.7,4.1,2.6,6,10.1,北西,7,17.5,86
2022/12/23,5.4,8.4,2.2,4.8,8.4,15.1,西南西,0.3,0,29
2022/12/24,6.2,11.5,-0.1,3.3,5.9,10.6,北西,0,0,42
2022/12/25,6.9,13.1,1.8,3.1,6.5,12.7,北西,0.3,0,49
2022/12/26,6.3,11.4,1.8,3.6,6.5,12.5,北西,2.3,0,46
2022/12/27,6.8,12.3,2,2.7,7.5,12.5,北西,0,0,48
2022/12/28,6.5,11.9,2.8,1.4,3.5,5.9,北北東,3.3,0,61
2022/12/29,8.1,13.7,2.9,2,4.6,7.8,北西,0,0,51
2022/12/30,6.6,11.8,2.8,1.9,3.5,7.3,北西,3.3,0,51
2022/12/31,5.7,10.5,3.1,1.6,3.3,5.9,北北西,3.5,0,60
